{
  "null": {
    "guideline_match_Financial_Financial": {
      "low": 0.5648854961832062,
      "high": 0.7480916030534351,
      "mean": 0.6641221374045801
    },
    "guideline_match_Human_Natural": {
      "low": -0.13157894736842105,
      "high": 0.2894736842105263,
      "mean": 0.07894736842105263
    },
    "guideline_match_Intellectual_Human": {
      "low": 0.12698412698412698,
      "high": 0.49206349206349204,
      "mean": 0.31746031746031744
    },
    "guideline_match_Manufactured_Manufactured": {
      "low": 0.5932203389830508,
      "high": 0.847457627118644,
      "mean": 0.7288135593220338
    },
    "guideline_match_Natural_Intellectual": {
      "low": 0.09090909090909091,
      "high": 1.0,
      "mean": 0.6363636363636364
    },
    "guideline_match_Social and relationship_Social and relationship": {
      "low": 0.6,
      "high": 0.9555555555555556,
      "mean": 0.8222222222222222
    },
    "guideline_match": {
      "low": 0.5437616387337058,
      "high": 0.6685288640595903,
      "mean": 0.6089385474860335
    }
  },
  "classification_metrics": {
    "source_stats": {
      "sentences_per_sample": {
        "low": NaN,
        "high": NaN,
        "mean": 1.0
      },
      "tokens_per_sentence": {
        "low": 29.846296296296295,
        "high": 32.78245265066384,
        "mean": 31.214814814814815
      },
      "tokens_per_sample": {
        "low": 29.846296296296295,
        "high": 32.78245265066384,
        "mean": 31.214814814814815
      },
      "fkgl_readability": {
        "low": 14.885194177106461,
        "high": 15.993435852791453,
        "mean": 15.43277777777778
      }
    },
    "prediction_stats": {
      "sentences_per_sample": {
        "low": NaN,
        "high": NaN,
        "mean": 1.0
      },
      "tokens_per_sentence": {
        "low": 1.2148148148148148,
        "high": 1.3518518518518519,
        "mean": 1.2740740740740741
      },
      "tokens_per_sample": {
        "low": 1.2148148148148148,
        "high": 1.3518518518518519,
        "mean": 1.2740740740740741
      },
      "fkgl_readability": {
        "low": 21.824672776882636,
        "high": 23.44169260773966,
        "mean": 22.613333333333333
      }
    },
    "reference_stats": {
      "sentences_per_sample": {
        "low": NaN,
        "high": NaN,
        "mean": 1.0
      },
      "tokens_per_sentence": {
        "low": 1.2740740740740741,
        "high": 1.4,
        "mean": 1.3333333333333333
      },
      "tokens_per_sample": {
        "low": 1.2740740740740741,
        "high": 1.4,
        "mean": 1.3333333333333333
      },
      "fkgl_readability": {
        "low": 21.903709993080817,
        "high": 23.873587714875907,
        "mean": 22.883333333333333
      }
    },
    "length_diff": {
      "sentences_diff": {
        "low": NaN,
        "high": NaN,
        "mean": 0.0
      },
      "tokens_diff": {
        "low": 0.3111111111111111,
        "high": 0.45925925925925926,
        "mean": 0.37777777777777777
      }
    },
    "exact_match": {
      "low": 0.34074074074074073,
      "high": 0.42592592592592593,
      "mean": 0.3814814814814815
    },
    "partial_match": {
      "low": 0.3425925925925926,
      "high": 0.42592592592592593,
      "mean": 0.38333333333333336
    }
  }
}