{
  "null": {
    "guideline_match_Financial_Natural": {
      "low": -0.25572519083969464,
      "high": -0.15648854961832062,
      "mean": -0.20229007633587787
    },
    "guideline_match_Human_Human": {
      "low": 0.2631578947368421,
      "high": 0.7894736842105263,
      "mean": 0.5789473684210527
    },
    "guideline_match_Intellectual_Social and relationship": {
      "low": -0.031746031746031744,
      "high": 0.15873015873015872,
      "mean": 0.06349206349206349
    },
    "guideline_match_Manufactured_Financial": {
      "low": -0.2711864406779661,
      "high": -0.0423728813559322,
      "mean": -0.16101694915254236
    },
    "guideline_match_Natural_Manufactured": {
      "low": 0.09090909090909091,
      "high": 0.9090909090909091,
      "mean": 0.6363636363636364
    },
    "guideline_match_Social and relationship_Intellectual": {
      "low": 0.17777777777777778,
      "high": 0.4888888888888889,
      "mean": 0.3333333333333333
    },
    "guideline_match": {
      "low": -0.0931098696461825,
      "high": 0.0037243947858473,
      "mean": -0.0446927374301676
    }
  },
  "classification_metrics": {
    "source_stats": {
      "sentences_per_sample": {
        "low": NaN,
        "high": NaN,
        "mean": 1.0
      },
      "tokens_per_sentence": {
        "low": 29.846296296296295,
        "high": 32.78245265066384,
        "mean": 31.214814814814815
      },
      "tokens_per_sample": {
        "low": 29.846296296296295,
        "high": 32.78245265066384,
        "mean": 31.214814814814815
      },
      "fkgl_readability": {
        "low": 14.885194177106461,
        "high": 15.993435852791453,
        "mean": 15.43277777777778
      }
    },
    "prediction_stats": {
      "sentences_per_sample": {
        "low": NaN,
        "high": NaN,
        "mean": 1.0
      },
      "tokens_per_sentence": {
        "low": 1.1962962962962962,
        "high": 1.3888888888888888,
        "mean": 1.2574074074074073
      },
      "tokens_per_sample": {
        "low": 1.1962962962962962,
        "high": 1.3888888888888888,
        "mean": 1.2574074074074073
      },
      "fkgl_readability": {
        "low": 25.12817742523606,
        "high": 27.066718316537255,
        "mean": 26.081666666666663
      }
    },
    "reference_stats": {
      "sentences_per_sample": {
        "low": NaN,
        "high": NaN,
        "mean": 1.0
      },
      "tokens_per_sentence": {
        "low": 1.2740740740740741,
        "high": 1.4,
        "mean": 1.3333333333333333
      },
      "tokens_per_sample": {
        "low": 1.2740740740740741,
        "high": 1.4,
        "mean": 1.3333333333333333
      },
      "fkgl_readability": {
        "low": 21.903709993080817,
        "high": 23.873587714875907,
        "mean": 22.883333333333333
      }
    },
    "length_diff": {
      "sentences_diff": {
        "low": NaN,
        "high": NaN,
        "mean": 0.0
      },
      "tokens_diff": {
        "low": 0.34629629629629627,
        "high": 0.5450737475374504,
        "mean": 0.4203703703703704
      }
    },
    "exact_match": {
      "low": 0.3611111111111111,
      "high": 0.4444444444444444,
      "mean": 0.40185185185185185
    },
    "partial_match": {
      "low": 0.3611111111111111,
      "high": 0.4444444444444444,
      "mean": 0.40185185185185185
    }
  }
}