{
  "null": {
    "guideline_match_Background_Method": {
      "low": 0.17348927875243664,
      "high": 0.34502923976608185,
      "mean": 0.25925925925925924
    },
    "guideline_match_Motivation_Motivation": {
      "low": NaN,
      "high": NaN,
      "mean": 1.0
    },
    "guideline_match_Method_Background": {
      "low": -0.9545454545454546,
      "high": -0.6363636363636364,
      "mean": -0.8636363636363636
    },
    "guideline_match_Result_Result": {
      "low": -0.7142857142857143,
      "high": 0.7142857142857143,
      "mean": -0.14285714285714285
    },
    "guideline_match_Conclusion_Conclusion": {
      "mean": 1
    },
    "guideline_match": {
      "low": 0.09632224168126094,
      "high": 0.2574430823117338,
      "mean": 0.17688266199649738
    }
  },
  "classification_metrics": {
    "source_stats": {
      "sentences_per_sample": {
        "low": 1.227,
        "high": 1.293,
        "mean": 1.258
      },
      "tokens_per_sentence": {
        "low": 25.693303722266887,
        "high": 29.15469511227869,
        "mean": 26.796416666666666
      },
      "tokens_per_sample": {
        "low": 29.976148406334858,
        "high": 34.042,
        "mean": 31.359
      },
      "fkgl_readability": {
        "low": 13.427950085916692,
        "high": 14.103988041453839,
        "mean": 13.761
      }
    },
    "prediction_stats": {
      "sentences_per_sample": {
        "low": 1.0,
        "high": 1.007,
        "mean": 1.002
      },
      "tokens_per_sentence": {
        "low": 1.0,
        "high": 1.0385,
        "mean": 1.011
      },
      "tokens_per_sample": {
        "low": 1.0,
        "high": 1.084,
        "mean": 1.024
      },
      "fkgl_readability": {
        "low": 1.816035791663592,
        "high": 3.0669166845935014,
        "mean": 2.4341999999999997
      }
    },
    "reference_stats": {
      "sentences_per_sample": {
        "low": NaN,
        "high": NaN,
        "mean": 1.0
      },
      "tokens_per_sentence": {
        "low": NaN,
        "high": NaN,
        "mean": 1.0
      },
      "tokens_per_sample": {
        "low": NaN,
        "high": NaN,
        "mean": 1.0
      },
      "fkgl_readability": {
        "low": 10.184600000000001,
        "high": 11.284955506805629,
        "mean": 10.74
      }
    },
    "length_diff": {
      "sentences_diff": {
        "low": NaN,
        "high": NaN,
        "mean": 1.0
      },
      "tokens_diff": {
        "low": NaN,
        "high": NaN,
        "mean": 12.0
      }
    },
    "exact_match": {
      "low": NaN,
      "high": NaN,
      "mean": 1.0
    },
    "partial_match": {
      "low": NaN,
      "high": NaN,
      "mean": 1.0
    }
  }
}