{
  "null": {
    "guideline_match_Background_Conclusion": {
      "low": 0.16455696202531644,
      "high": 0.569620253164557,
      "mean": 0.3924050632911392
    },
    "guideline_match_Motivation_Method": {
      "mean": -1
    },
    "guideline_match_Method_Result": {
      "low": -0.9896103896103896,
      "high": -0.9428571428571428,
      "mean": -0.974025974025974
    },
    "guideline_match_Result_Background": {
      "low": -0.14285714285714285,
      "high": 1.0,
      "mean": 0.7142857142857143
    },
    "guideline_match_Conclusion_Motivation": {},
    "guideline_match": {
      "low": -0.7796610169491526,
      "high": -0.652542372881356,
      "mean": -0.7203389830508474
    }
  },
  "classification_metrics": {
    "source_stats": {
      "sentences_per_sample": {
        "low": 1.227,
        "high": 1.293,
        "mean": 1.258
      },
      "tokens_per_sentence": {
        "low": 25.693303722266887,
        "high": 29.15469511227869,
        "mean": 26.796416666666666
      },
      "tokens_per_sample": {
        "low": 29.976148406334858,
        "high": 34.042,
        "mean": 31.359
      },
      "fkgl_readability": {
        "low": 13.427950085916692,
        "high": 14.103988041453839,
        "mean": 13.761
      }
    },
    "prediction_stats": {
      "sentences_per_sample": {
        "low": NaN,
        "high": NaN,
        "mean": 1.0
      },
      "tokens_per_sentence": {
        "low": NaN,
        "high": NaN,
        "mean": 1.0
      },
      "tokens_per_sample": {
        "low": NaN,
        "high": NaN,
        "mean": 1.0
      },
      "fkgl_readability": {
        "low": 8.5104,
        "high": 9.09081792374983,
        "mean": 8.794900000000002
      }
    },
    "reference_stats": {
      "sentences_per_sample": {
        "low": NaN,
        "high": NaN,
        "mean": 1.0
      },
      "tokens_per_sentence": {
        "low": NaN,
        "high": NaN,
        "mean": 1.0
      },
      "tokens_per_sample": {
        "low": NaN,
        "high": NaN,
        "mean": 1.0
      },
      "fkgl_readability": {
        "low": 10.184600000000001,
        "high": 11.284955506805629,
        "mean": 10.74
      }
    },
    "length_diff": {
      "sentences_diff": {},
      "tokens_diff": {}
    },
    "exact_match": {
      "low": NaN,
      "high": NaN,
      "mean": 1.0
    },
    "partial_match": {
      "low": NaN,
      "high": NaN,
      "mean": 1.0
    }
  }
}