{
  "null": {
    "guideline_match_Financial_Financial": {
      "low": -0.14782608695652175,
      "high": 0.06666666666666667,
      "mean": -0.03768115942028986
    },
    "guideline_match_Human_Intellectual": {
      "low": 0.18421052631578946,
      "high": 0.5263157894736842,
      "mean": 0.3684210526315789
    },
    "guideline_match_Intellectual_Manufactured": {
      "low": 0.23809523809523808,
      "high": 0.5476190476190477,
      "mean": 0.38095238095238093
    },
    "guideline_match_Manufactured_Natural": {
      "low": 0.04878048780487805,
      "high": 0.24390243902439024,
      "mean": 0.12195121951219512
    },
    "guideline_match_Natural_Human": {
      "low": -0.3225806451612903,
      "high": -0.03225806451612903,
      "mean": -0.16129032258064516
    },
    "guideline_match_Social and relationship_Social and relationship": {
      "low": -0.75,
      "high": -0.25,
      "mean": -0.55
    },
    "guideline_match": {
      "low": -0.08379888268156424,
      "high": 0.06890130353817504,
      "mean": -0.00931098696461825
    }
  },
  "classification_metrics": {
    "source_stats": {
      "sentences_per_sample": {
        "low": NaN,
        "high": NaN,
        "mean": 1.0
      },
      "tokens_per_sentence": {
        "low": 29.846296296296295,
        "high": 32.78245265066384,
        "mean": 31.214814814814815
      },
      "tokens_per_sample": {
        "low": 29.846296296296295,
        "high": 32.78245265066384,
        "mean": 31.214814814814815
      },
      "fkgl_readability": {
        "low": 14.885194177106461,
        "high": 15.993435852791453,
        "mean": 15.43277777777778
      }
    },
    "prediction_stats": {
      "sentences_per_sample": {
        "low": 1.0,
        "high": 1.011111111111111,
        "mean": 1.0018518518518518
      },
      "tokens_per_sentence": {
        "low": 1.0296296296296297,
        "high": 1.1203703703703705,
        "mean": 1.0564814814814816
      },
      "tokens_per_sample": {
        "low": 1.0333333333333334,
        "high": 1.2185185185185186,
        "mean": 1.0740740740740742
      },
      "fkgl_readability": {
        "low": 25.90087955409027,
        "high": 27.467387039405207,
        "mean": 26.68296296296296
      }
    },
    "reference_stats": {
      "sentences_per_sample": {
        "low": NaN,
        "high": NaN,
        "mean": 1.0
      },
      "tokens_per_sentence": {
        "low": 1.2740740740740741,
        "high": 1.4,
        "mean": 1.3333333333333333
      },
      "tokens_per_sample": {
        "low": 1.2740740740740741,
        "high": 1.4,
        "mean": 1.3333333333333333
      },
      "fkgl_readability": {
        "low": 21.903709993080817,
        "high": 23.873587714875907,
        "mean": 22.883333333333333
      }
    },
    "length_diff": {
      "sentences_diff": {
        "low": 0.0,
        "high": 0.011111111111111112,
        "mean": 0.001851851851851852
      },
      "tokens_diff": {
        "low": 0.29259259259259257,
        "high": 0.48518518518518516,
        "mean": 0.362962962962963
      }
    },
    "exact_match": {
      "low": 0.3851851851851852,
      "high": 0.4685185185185185,
      "mean": 0.42777777777777776
    },
    "partial_match": {
      "low": 0.3851851851851852,
      "high": 0.4685185185185185,
      "mean": 0.42777777777777776
    }
  }
}