{
  "null": {
    "guideline_match_Financial_Natural": {
      "low": 0.23478260869565218,
      "high": 0.4144927536231884,
      "mean": 0.32753623188405795
    },
    "guideline_match_Human_Human": {
      "low": 0.5263157894736842,
      "high": 0.9473684210526315,
      "mean": 0.7894736842105263
    },
    "guideline_match_Intellectual_Intellectual": {
      "low": 0.23809523809523808,
      "high": 0.7619047619047619,
      "mean": 0.5238095238095238
    },
    "guideline_match_Manufactured_Manufactured": {
      "low": -0.5609756097560976,
      "high": 0.024390243902439025,
      "mean": -0.2682926829268293
    },
    "guideline_match_Natural_Financial": {
      "low": -0.06451612903225806,
      "high": 0.16129032258064516,
      "mean": 0.03225806451612903
    },
    "guideline_match_Social and relationship_Social and relationship": {
      "low": 0.5,
      "high": 0.9,
      "mean": 0.75
    },
    "guideline_match": {
      "low": 0.27001862197392923,
      "high": 0.41527001862197394,
      "mean": 0.34450651769087526
    }
  },
  "classification_metrics": {
    "source_stats": {
      "sentences_per_sample": {
        "low": NaN,
        "high": NaN,
        "mean": 1.0
      },
      "tokens_per_sentence": {
        "low": 29.846296296296295,
        "high": 32.78245265066384,
        "mean": 31.214814814814815
      },
      "tokens_per_sample": {
        "low": 29.846296296296295,
        "high": 32.78245265066384,
        "mean": 31.214814814814815
      },
      "fkgl_readability": {
        "low": 14.885194177106461,
        "high": 15.993435852791453,
        "mean": 15.43277777777778
      }
    },
    "prediction_stats": {
      "sentences_per_sample": {
        "low": 1.0,
        "high": 1.011111111111111,
        "mean": 1.0018518518518518
      },
      "tokens_per_sentence": {
        "low": 1.3925925925925926,
        "high": 1.5416666666666667,
        "mean": 1.4638888888888888
      },
      "tokens_per_sample": {
        "low": 1.4037037037037037,
        "high": 1.5814814814814815,
        "mean": 1.4777777777777779
      },
      "fkgl_readability": {
        "low": 18.755539055330793,
        "high": 20.106489011760914,
        "mean": 19.398518518518518
      }
    },
    "reference_stats": {
      "sentences_per_sample": {
        "low": NaN,
        "high": NaN,
        "mean": 1.0
      },
      "tokens_per_sentence": {
        "low": 1.2740740740740741,
        "high": 1.4,
        "mean": 1.3333333333333333
      },
      "tokens_per_sample": {
        "low": 1.2740740740740741,
        "high": 1.4,
        "mean": 1.3333333333333333
      },
      "fkgl_readability": {
        "low": 21.903709993080817,
        "high": 23.873587714875907,
        "mean": 22.883333333333333
      }
    },
    "length_diff": {
      "sentences_diff": {
        "low": 0.0,
        "high": 0.011111111111111112,
        "mean": 0.001851851851851852
      },
      "tokens_diff": {
        "low": 0.44043774703255495,
        "high": 0.6148148148148148,
        "mean": 0.5148148148148148
      }
    },
    "exact_match": {
      "low": 0.3851851851851852,
      "high": 0.4685185185185185,
      "mean": 0.42592592592592593
    },
    "partial_match": {
      "low": 0.3851851851851852,
      "high": 0.4685185185185185,
      "mean": 0.42592592592592593
    }
  }
}