{
  "null": {
    "guideline_match_Financial_Human": {
      "low": -0.3320610687022901,
      "high": -0.22137404580152673,
      "mean": -0.2748091603053435
    },
    "guideline_match_Human_Manufactured": {
      "low": 0.34210526315789475,
      "high": 0.7894736842105263,
      "mean": 0.6052631578947368
    },
    "guideline_match_Intellectual_Social and relationship": {
      "low": 0.015873015873015872,
      "high": 0.3492063492063492,
      "mean": 0.19047619047619047
    },
    "guideline_match_Manufactured_Natural": {
      "low": 0.06779661016949153,
      "high": 0.2711864406779661,
      "mean": 0.1694915254237288
    },
    "guideline_match_Natural_Intellectual": {
      "low": 0.0,
      "high": 0.8181818181818182,
      "mean": 0.5454545454545454
    },
    "guideline_match_Social and relationship_Financial": {
      "low": -0.08888888888888889,
      "high": 0.26666666666666666,
      "mean": 0.08888888888888889
    },
    "guideline_match": {
      "low": -0.0633147113594041,
      "high": 0.03910614525139665,
      "mean": -0.01303538175046555
    }
  },
  "classification_metrics": {
    "source_stats": {
      "sentences_per_sample": {
        "low": NaN,
        "high": NaN,
        "mean": 1.0
      },
      "tokens_per_sentence": {
        "low": 29.846296296296295,
        "high": 32.78245265066384,
        "mean": 31.214814814814815
      },
      "tokens_per_sample": {
        "low": 29.846296296296295,
        "high": 32.78245265066384,
        "mean": 31.214814814814815
      },
      "fkgl_readability": {
        "low": 14.885194177106461,
        "high": 15.993435852791453,
        "mean": 15.43277777777778
      }
    },
    "prediction_stats": {
      "sentences_per_sample": {
        "low": NaN,
        "high": NaN,
        "mean": 1.0
      },
      "tokens_per_sentence": {
        "low": 1.2148148148148148,
        "high": 1.3296296296296297,
        "mean": 1.2666666666666666
      },
      "tokens_per_sample": {
        "low": 1.2148148148148148,
        "high": 1.3296296296296297,
        "mean": 1.2666666666666666
      },
      "fkgl_readability": {
        "low": 23.649999999999995,
        "high": 25.141666666666662,
        "mean": 24.378888888888888
      }
    },
    "reference_stats": {
      "sentences_per_sample": {
        "low": NaN,
        "high": NaN,
        "mean": 1.0
      },
      "tokens_per_sentence": {
        "low": 1.2740740740740741,
        "high": 1.4,
        "mean": 1.3333333333333333
      },
      "tokens_per_sample": {
        "low": 1.2740740740740741,
        "high": 1.4,
        "mean": 1.3333333333333333
      },
      "fkgl_readability": {
        "low": 21.903709993080817,
        "high": 23.873587714875907,
        "mean": 22.883333333333333
      }
    },
    "length_diff": {
      "sentences_diff": {
        "low": NaN,
        "high": NaN,
        "mean": 0.0
      },
      "tokens_diff": {
        "low": 0.37777777777777777,
        "high": 0.5148148148148148,
        "mean": 0.4444444444444444
      }
    },
    "exact_match": {
      "low": 0.37407407407407406,
      "high": 0.45740740740740743,
      "mean": 0.4148148148148148
    },
    "partial_match": {
      "low": 0.37407407407407406,
      "high": 0.45740740740740743,
      "mean": 0.4148148148148148
    }
  }
}