{
  "null": {
    "guideline_match_Financial_Financial": {
      "low": 0.37404580152671757,
      "high": 0.5801526717557252,
      "mean": 0.48091603053435117
    },
    "guideline_match_Human_Intellectual": {
      "low": 0.18421052631578946,
      "high": 0.7368421052631579,
      "mean": 0.5
    },
    "guideline_match_Intellectual_Manufactured": {
      "low": 0.7936507936507936,
      "high": 0.9841269841269841,
      "mean": 0.9206349206349206
    },
    "guideline_match_Manufactured_Natural": {
      "low": 0.0423728813559322,
      "high": 0.17796610169491525,
      "mean": 0.1016949152542373
    },
    "guideline_match_Natural_Human": {
      "low": -0.5454545454545454,
      "high": 0.45454545454545453,
      "mean": -0.09090909090909091
    },
    "guideline_match_Social and relationship_Social and relationship": {
      "low": 0.37777777777777777,
      "high": 0.8222222222222222,
      "mean": 0.6444444444444445
    },
    "guideline_match": {
      "low": 0.3854748603351955,
      "high": 0.515828677839851,
      "mean": 0.45251396648044695
    }
  },
  "classification_metrics": {
    "source_stats": {
      "sentences_per_sample": {
        "low": NaN,
        "high": NaN,
        "mean": 1.0
      },
      "tokens_per_sentence": {
        "low": 29.846296296296295,
        "high": 32.78245265066384,
        "mean": 31.214814814814815
      },
      "tokens_per_sample": {
        "low": 29.846296296296295,
        "high": 32.78245265066384,
        "mean": 31.214814814814815
      },
      "fkgl_readability": {
        "low": 14.885194177106461,
        "high": 15.993435852791453,
        "mean": 15.43277777777778
      }
    },
    "prediction_stats": {
      "sentences_per_sample": {
        "low": NaN,
        "high": NaN,
        "mean": 1.0
      },
      "tokens_per_sentence": {
        "low": 1.1925925925925926,
        "high": 1.4148148148148147,
        "mean": 1.2574074074074073
      },
      "tokens_per_sample": {
        "low": 1.1925925925925926,
        "high": 1.4148148148148147,
        "mean": 1.2574074074074073
      },
      "fkgl_readability": {
        "low": 24.798090015716657,
        "high": 26.235087332661067,
        "mean": 25.532962962962962
      }
    },
    "reference_stats": {
      "sentences_per_sample": {
        "low": NaN,
        "high": NaN,
        "mean": 1.0
      },
      "tokens_per_sentence": {
        "low": 1.2740740740740741,
        "high": 1.4,
        "mean": 1.3333333333333333
      },
      "tokens_per_sample": {
        "low": 1.2740740740740741,
        "high": 1.4,
        "mean": 1.3333333333333333
      },
      "fkgl_readability": {
        "low": 21.903709993080817,
        "high": 23.873587714875907,
        "mean": 22.883333333333333
      }
    },
    "length_diff": {
      "sentences_diff": {
        "low": NaN,
        "high": NaN,
        "mean": 0.0
      },
      "tokens_diff": {
        "low": 0.3037037037037037,
        "high": 0.5296296296296297,
        "mean": 0.37592592592592594
      }
    },
    "exact_match": {
      "low": 0.3111111111111111,
      "high": 0.3907407407407407,
      "mean": 0.35
    },
    "partial_match": {
      "low": 0.3111111111111111,
      "high": 0.3907407407407407,
      "mean": 0.35
    }
  }
}