{
  "null": {
    "guideline_match_Financial_Natural": {
      "low": -0.16412213740458015,
      "high": -0.0648854961832061,
      "mean": -0.11450381679389313
    },
    "guideline_match_Human_Manufactured": {
      "low": 0.18421052631578946,
      "high": 0.631578947368421,
      "mean": 0.42105263157894735
    },
    "guideline_match_Intellectual_Human": {
      "low": -0.015873015873015872,
      "high": 0.3333333333333333,
      "mean": 0.15873015873015872
    },
    "guideline_match_Manufactured_Financial": {
      "low": -0.15254237288135594,
      "high": 0.1016949152542373,
      "mean": -0.025423728813559324
    },
    "guideline_match_Natural_Intellectual": {
      "low": 0.09090909090909091,
      "high": 1.0,
      "mean": 0.8181818181818182
    },
    "guideline_match_Social and relationship_Social and relationship": {
      "low": 0.6,
      "high": 0.9555555555555556,
      "mean": 0.8222222222222222
    },
    "guideline_match": {
      "low": 0.0186219739292365,
      "high": 0.12849162011173185,
      "mean": 0.07262569832402235
    }
  },
  "classification_metrics": {
    "source_stats": {
      "sentences_per_sample": {
        "low": NaN,
        "high": NaN,
        "mean": 1.0
      },
      "tokens_per_sentence": {
        "low": 29.846296296296295,
        "high": 32.78245265066384,
        "mean": 31.214814814814815
      },
      "tokens_per_sample": {
        "low": 29.846296296296295,
        "high": 32.78245265066384,
        "mean": 31.214814814814815
      },
      "fkgl_readability": {
        "low": 14.885194177106461,
        "high": 15.993435852791453,
        "mean": 15.43277777777778
      }
    },
    "prediction_stats": {
      "sentences_per_sample": {
        "low": NaN,
        "high": NaN,
        "mean": 1.0
      },
      "tokens_per_sentence": {
        "low": 1.237037037037037,
        "high": 1.3592592592592592,
        "mean": 1.2962962962962963
      },
      "tokens_per_sample": {
        "low": 1.237037037037037,
        "high": 1.3592592592592592,
        "mean": 1.2962962962962963
      },
      "fkgl_readability": {
        "low": 22.287407407407404,
        "high": 23.975555555555555,
        "mean": 23.13148148148148
      }
    },
    "reference_stats": {
      "sentences_per_sample": {
        "low": NaN,
        "high": NaN,
        "mean": 1.0
      },
      "tokens_per_sentence": {
        "low": 1.2740740740740741,
        "high": 1.4,
        "mean": 1.3333333333333333
      },
      "tokens_per_sample": {
        "low": 1.2740740740740741,
        "high": 1.4,
        "mean": 1.3333333333333333
      },
      "fkgl_readability": {
        "low": 21.903709993080817,
        "high": 23.873587714875907,
        "mean": 22.883333333333333
      }
    },
    "length_diff": {
      "sentences_diff": {
        "low": NaN,
        "high": NaN,
        "mean": 0.0
      },
      "tokens_diff": {
        "low": 0.3074074074074074,
        "high": 0.44074074074074077,
        "mean": 0.37037037037037035
      }
    },
    "exact_match": {
      "low": 0.31296296296296294,
      "high": 0.39444444444444443,
      "mean": 0.35185185185185186
    },
    "partial_match": {
      "low": 0.31296296296296294,
      "high": 0.39444444444444443,
      "mean": 0.35185185185185186
    }
  }
}