{
  "null": {
    "guideline_match_Financial_Human": {
      "low": -0.3391304347826087,
      "high": -0.1681159420289855,
      "mean": -0.25507246376811593
    },
    "guideline_match_Human_Financial": {
      "low": -0.07894736842105263,
      "high": 0.13157894736842105,
      "mean": 0.02631578947368421
    },
    "guideline_match_Intellectual_Manufactured": {
      "low": 0.0,
      "high": 0.38095238095238093,
      "mean": 0.19047619047619047
    },
    "guideline_match_Manufactured_Natural": {
      "low": 0.21951219512195122,
      "high": 0.5609756097560976,
      "mean": 0.3902439024390244
    },
    "guideline_match_Natural_Social and relationship": {
      "low": 0.0967741935483871,
      "high": 0.3548387096774194,
      "mean": 0.1935483870967742
    },
    "guideline_match_Social and relationship_Intellectual": {
      "low": -0.9,
      "high": -0.6,
      "mean": -0.775
    },
    "guideline_match": {
      "low": -0.22617848445939212,
      "high": -0.09833024118738404,
      "mean": -0.16326530612244897
    }
  },
  "classification_metrics": {
    "source_stats": {
      "sentences_per_sample": {
        "low": NaN,
        "high": NaN,
        "mean": 1.0
      },
      "tokens_per_sentence": {
        "low": 29.846296296296295,
        "high": 32.78245265066384,
        "mean": 31.214814814814815
      },
      "tokens_per_sample": {
        "low": 29.846296296296295,
        "high": 32.78245265066384,
        "mean": 31.214814814814815
      },
      "fkgl_readability": {
        "low": 14.885194177106461,
        "high": 15.993435852791453,
        "mean": 15.43277777777778
      }
    },
    "prediction_stats": {
      "sentences_per_sample": {
        "low": NaN,
        "high": NaN,
        "mean": 1.0
      },
      "tokens_per_sentence": {
        "low": 1.0425925925925925,
        "high": 1.247806347500389,
        "mean": 1.0888888888888888
      },
      "tokens_per_sample": {
        "low": 1.0425925925925925,
        "high": 1.247806347500389,
        "mean": 1.0888888888888888
      },
      "fkgl_readability": {
        "low": 18.875185185185185,
        "high": 20.443888888888885,
        "mean": 19.633333333333333
      }
    },
    "reference_stats": {
      "sentences_per_sample": {
        "low": NaN,
        "high": NaN,
        "mean": 1.0
      },
      "tokens_per_sentence": {
        "low": 1.2740740740740741,
        "high": 1.4,
        "mean": 1.3333333333333333
      },
      "tokens_per_sample": {
        "low": 1.2740740740740741,
        "high": 1.4,
        "mean": 1.3333333333333333
      },
      "fkgl_readability": {
        "low": 21.903709993080817,
        "high": 23.873587714875907,
        "mean": 22.883333333333333
      }
    },
    "length_diff": {
      "sentences_diff": {
        "low": NaN,
        "high": NaN,
        "mean": 0.0
      },
      "tokens_diff": {
        "low": 0.3111111111111111,
        "high": 0.5185185185185185,
        "mean": 0.3814814814814815
      }
    },
    "exact_match": {
      "low": 0.3907407407407407,
      "high": 0.4759259259259259,
      "mean": 0.43333333333333335
    },
    "partial_match": {
      "low": 0.3907407407407407,
      "high": 0.4759259259259259,
      "mean": 0.43333333333333335
    }
  }
}