{
  "null": {
    "guideline_match_Financial_Financial": {
      "low": 0.40458015267175573,
      "high": 0.6106870229007634,
      "mean": 0.5114503816793893
    },
    "guideline_match_Human_Social and relationship": {
      "low": 0.7368421052631579,
      "high": 1.0,
      "mean": 0.9473684210526315
    },
    "guideline_match_Intellectual_Human": {
      "low": -0.1746031746031746,
      "high": 0.031746031746031744,
      "mean": -0.06349206349206349
    },
    "guideline_match_Manufactured_Manufactured": {
      "low": 0.4406779661016949,
      "high": 0.7288135593220338,
      "mean": 0.5932203389830508
    },
    "guideline_match_Natural_Natural": {
      "low": -0.2727272727272727,
      "high": 0.8181818181818182,
      "mean": 0.45454545454545453
    },
    "guideline_match_Social and relationship_Intellectual": {
      "low": 0.2,
      "high": 0.4888888888888889,
      "mean": 0.3333333333333333
    },
    "guideline_match": {
      "low": 0.409683426443203,
      "high": 0.5400372439478585,
      "mean": 0.4767225325884544
    }
  },
  "classification_metrics": {
    "source_stats": {
      "sentences_per_sample": {
        "low": NaN,
        "high": NaN,
        "mean": 1.0
      },
      "tokens_per_sentence": {
        "low": 29.846296296296295,
        "high": 32.78245265066384,
        "mean": 31.214814814814815
      },
      "tokens_per_sample": {
        "low": 29.846296296296295,
        "high": 32.78245265066384,
        "mean": 31.214814814814815
      },
      "fkgl_readability": {
        "low": 14.885194177106461,
        "high": 15.993435852791453,
        "mean": 15.43277777777778
      }
    },
    "prediction_stats": {
      "sentences_per_sample": {
        "low": NaN,
        "high": NaN,
        "mean": 1.0
      },
      "tokens_per_sentence": {
        "low": 1.2518518518518518,
        "high": 1.374074074074074,
        "mean": 1.3111111111111111
      },
      "tokens_per_sample": {
        "low": 1.2518518518518518,
        "high": 1.374074074074074,
        "mean": 1.3111111111111111
      },
      "fkgl_readability": {
        "low": 25.322608437247606,
        "high": 27.08857004134955,
        "mean": 26.200740740740738
      }
    },
    "reference_stats": {
      "sentences_per_sample": {
        "low": NaN,
        "high": NaN,
        "mean": 1.0
      },
      "tokens_per_sentence": {
        "low": 1.2740740740740741,
        "high": 1.4,
        "mean": 1.3333333333333333
      },
      "tokens_per_sample": {
        "low": 1.2740740740740741,
        "high": 1.4,
        "mean": 1.3333333333333333
      },
      "fkgl_readability": {
        "low": 21.903709993080817,
        "high": 23.873587714875907,
        "mean": 22.883333333333333
      }
    },
    "length_diff": {
      "sentences_diff": {
        "low": NaN,
        "high": NaN,
        "mean": 0.0
      },
      "tokens_diff": {
        "low": 0.43333333333333335,
        "high": 0.5777777777777777,
        "mean": 0.5037037037037037
      }
    },
    "exact_match": {
      "low": 0.3333333333333333,
      "high": 0.4166666666666667,
      "mean": 0.37407407407407406
    },
    "partial_match": {
      "low": 0.3333333333333333,
      "high": 0.4166666666666667,
      "mean": 0.37407407407407406
    }
  }
}