{
  "null": {
    "guideline_match_Background_Motivation": {
      "low": -0.863013698630137,
      "high": -0.7424657534246575,
      "mean": -0.8082191780821918
    },
    "guideline_match_Motivation_Background": {
      "low": -1.0,
      "high": 1.0,
      "mean": 0.3333333333333333
    },
    "guideline_match_Method_Conclusion": {
      "low": NaN,
      "high": NaN,
      "mean": -1.0
    },
    "guideline_match_Result_Result": {
      "low": -0.7142857142857143,
      "high": 0.7142857142857143,
      "mean": -0.14285714285714285
    },
    "guideline_match_Conclusion_Method": {},
    "guideline_match": {
      "low": -0.8657407407407407,
      "high": -0.7546296296296297,
      "mean": -0.8148148148148148
    }
  },
  "classification_metrics": {
    "source_stats": {
      "sentences_per_sample": {
        "low": 1.227,
        "high": 1.293,
        "mean": 1.258
      },
      "tokens_per_sentence": {
        "low": 25.693303722266887,
        "high": 29.15469511227869,
        "mean": 26.796416666666666
      },
      "tokens_per_sample": {
        "low": 29.976148406334858,
        "high": 34.042,
        "mean": 31.359
      },
      "fkgl_readability": {
        "low": 13.427950085916692,
        "high": 14.103988041453839,
        "mean": 13.761
      }
    },
    "prediction_stats": {
      "sentences_per_sample": {
        "low": 1.0,
        "high": 1.006,
        "mean": 1.001
      },
      "tokens_per_sentence": {
        "low": 1.0,
        "high": 1.057,
        "mean": 1.0095
      },
      "tokens_per_sample": {
        "low": 1.0,
        "high": 1.12,
        "mean": 1.02
      },
      "fkgl_readability": {
        "low": -0.016800000000000082,
        "high": 0.8086403194938253,
        "mean": 0.3781999999999999
      }
    },
    "reference_stats": {
      "sentences_per_sample": {
        "low": NaN,
        "high": NaN,
        "mean": 1.0
      },
      "tokens_per_sentence": {
        "low": NaN,
        "high": NaN,
        "mean": 1.0
      },
      "tokens_per_sample": {
        "low": NaN,
        "high": NaN,
        "mean": 1.0
      },
      "fkgl_readability": {
        "low": 10.184600000000001,
        "high": 11.284955506805629,
        "mean": 10.74
      }
    },
    "length_diff": {
      "sentences_diff": {
        "mean": 1
      },
      "tokens_diff": {
        "mean": 20
      }
    },
    "exact_match": {
      "low": NaN,
      "high": NaN,
      "mean": 1.0
    },
    "partial_match": {
      "low": NaN,
      "high": NaN,
      "mean": 1.0
    }
  }
}