{
  "null": {
    "guideline_match_Financial_Financial": {
      "low": -0.008695652173913044,
      "high": 0.2,
      "mean": 0.09565217391304348
    },
    "guideline_match_Human_Human": {
      "low": 0.5263157894736842,
      "high": 0.9473684210526315,
      "mean": 0.7894736842105263
    },
    "guideline_match_Intellectual_Manufactured": {
      "low": -0.023809523809523808,
      "high": 0.19047619047619047,
      "mean": 0.07142857142857142
    },
    "guideline_match_Manufactured_Social and relationship": {
      "low": -0.5853658536585366,
      "high": -0.24390243902439024,
      "mean": -0.4146341463414634
    },
    "guideline_match_Natural_Natural": {
      "low": NaN,
      "high": NaN,
      "mean": 1.0
    },
    "guideline_match_Social and relationship_Intellectual": {
      "low": -0.575,
      "high": -0.025,
      "mean": -0.325
    },
    "guideline_match": {
      "low": 0.046468401486988845,
      "high": 0.20446096654275092,
      "mean": 0.12453531598513011
    }
  },
  "classification_metrics": {
    "source_stats": {
      "sentences_per_sample": {
        "low": NaN,
        "high": NaN,
        "mean": 1.0
      },
      "tokens_per_sentence": {
        "low": 29.846296296296295,
        "high": 32.78245265066384,
        "mean": 31.214814814814815
      },
      "tokens_per_sample": {
        "low": 29.846296296296295,
        "high": 32.78245265066384,
        "mean": 31.214814814814815
      },
      "fkgl_readability": {
        "low": 14.885194177106461,
        "high": 15.993435852791453,
        "mean": 15.43277777777778
      }
    },
    "prediction_stats": {
      "sentences_per_sample": {
        "low": 1.0,
        "high": 1.012962962962963,
        "mean": 1.0037037037037038
      },
      "tokens_per_sentence": {
        "low": 1.0231481481481481,
        "high": 1.1305555555555555,
        "mean": 1.0555555555555556
      },
      "tokens_per_sample": {
        "low": 1.025925925925926,
        "high": 1.2537037037037038,
        "mean": 1.0907407407407408
      },
      "fkgl_readability": {
        "low": 22.687778164017715,
        "high": 24.43944483083048,
        "mean": 23.553148148148146
      }
    },
    "reference_stats": {
      "sentences_per_sample": {
        "low": NaN,
        "high": NaN,
        "mean": 1.0
      },
      "tokens_per_sentence": {
        "low": 1.2740740740740741,
        "high": 1.4,
        "mean": 1.3333333333333333
      },
      "tokens_per_sample": {
        "low": 1.2740740740740741,
        "high": 1.4,
        "mean": 1.3333333333333333
      },
      "fkgl_readability": {
        "low": 21.903709993080817,
        "high": 23.873587714875907,
        "mean": 22.883333333333333
      }
    },
    "length_diff": {
      "sentences_diff": {
        "low": 0.0,
        "high": 0.012962962962962963,
        "mean": 0.003703703703703704
      },
      "tokens_diff": {
        "low": 0.3333333333333333,
        "high": 0.5722222222222222,
        "mean": 0.4166666666666667
      }
    },
    "exact_match": {
      "low": 0.4111111111111111,
      "high": 0.4962962962962963,
      "mean": 0.4537037037037037
    },
    "partial_match": {
      "low": 0.4111111111111111,
      "high": 0.4962962962962963,
      "mean": 0.4537037037037037
    }
  }
}