{
  "null": {
    "guideline_match_Background_Motivation": {
      "low": 0.8086303939962477,
      "high": 0.8986866791744841,
      "mean": 0.8574108818011257
    },
    "guideline_match_Motivation_Background": {},
    "guideline_match_Method_Method": {
      "low": -0.3243847874720358,
      "high": -0.14093959731543623,
      "mean": -0.2348993288590604
    },
    "guideline_match_Result_Result": {
      "low": -0.42857142857142855,
      "high": 1.0,
      "mean": 0.42857142857142855
    },
    "guideline_match_Conclusion_Conclusion": {
      "mean": 1
    },
    "guideline_match": {
      "low": 0.3016194331983806,
      "high": 0.4190283400809717,
      "mean": 0.3603238866396761
    }
  },
  "classification_metrics": {
    "source_stats": {
      "sentences_per_sample": {
        "low": 1.227,
        "high": 1.293,
        "mean": 1.258
      },
      "tokens_per_sentence": {
        "low": 25.693303722266887,
        "high": 29.15469511227869,
        "mean": 26.796416666666666
      },
      "tokens_per_sample": {
        "low": 29.976148406334858,
        "high": 34.042,
        "mean": 31.359
      },
      "fkgl_readability": {
        "low": 13.427950085916692,
        "high": 14.103988041453839,
        "mean": 13.761
      }
    },
    "prediction_stats": {
      "sentences_per_sample": {
        "low": 1.001,
        "high": 1.008,
        "mean": 1.003
      },
      "tokens_per_sentence": {
        "low": 1.0055,
        "high": 1.044,
        "mean": 1.0165
      },
      "tokens_per_sample": {
        "low": 1.012,
        "high": 1.096,
        "mean": 1.036
      },
      "fkgl_readability": {
        "low": 14.450099999999997,
        "high": 15.603039505218236,
        "mean": 15.041999999999996
      }
    },
    "reference_stats": {
      "sentences_per_sample": {
        "low": NaN,
        "high": NaN,
        "mean": 1.0
      },
      "tokens_per_sentence": {
        "low": NaN,
        "high": NaN,
        "mean": 1.0
      },
      "tokens_per_sample": {
        "low": NaN,
        "high": NaN,
        "mean": 1.0
      },
      "fkgl_readability": {
        "low": 10.184600000000001,
        "high": 11.284955506805629,
        "mean": 10.74
      }
    },
    "length_diff": {
      "sentences_diff": {
        "low": NaN,
        "high": NaN,
        "mean": 1.0
      },
      "tokens_diff": {
        "low": NaN,
        "high": NaN,
        "mean": 12.0
      }
    },
    "exact_match": {
      "low": NaN,
      "high": NaN,
      "mean": 1.0
    },
    "partial_match": {
      "low": NaN,
      "high": NaN,
      "mean": 1.0
    }
  }
}