{
  "null": {
    "guideline_match_Financial_Social and relationship": {
      "low": -0.6666666666666666,
      "high": -0.5623188405797102,
      "mean": -0.6173913043478261
    },
    "guideline_match_Human_Natural": {
      "low": -0.23684210526315788,
      "high": -0.02631578947368421,
      "mean": -0.10526315789473684
    },
    "guideline_match_Intellectual_Human": {
      "low": 0.0,
      "high": 0.3333333333333333,
      "mean": 0.16666666666666666
    },
    "guideline_match_Manufactured_Intellectual": {
      "low": 0.024390243902439025,
      "high": 0.21951219512195122,
      "mean": 0.0975609756097561
    },
    "guideline_match_Natural_Financial": {
      "low": -0.3225806451612903,
      "high": 0.12903225806451613,
      "mean": -0.0967741935483871
    },
    "guideline_match_Social and relationship_Manufactured": {
      "low": -0.375,
      "high": 0.2,
      "mean": -0.1
    },
    "guideline_match": {
      "low": -0.44692737430167595,
      "high": -0.3426443202979516,
      "mean": -0.39664804469273746
    }
  },
  "classification_metrics": {
    "source_stats": {
      "sentences_per_sample": {
        "low": NaN,
        "high": NaN,
        "mean": 1.0
      },
      "tokens_per_sentence": {
        "low": 29.846296296296295,
        "high": 32.78245265066384,
        "mean": 31.214814814814815
      },
      "tokens_per_sample": {
        "low": 29.846296296296295,
        "high": 32.78245265066384,
        "mean": 31.214814814814815
      },
      "fkgl_readability": {
        "low": 14.885194177106461,
        "high": 15.993435852791453,
        "mean": 15.43277777777778
      }
    },
    "prediction_stats": {
      "sentences_per_sample": {
        "low": 1.0,
        "high": 1.0092592592592593,
        "mean": 1.0018518518518518
      },
      "tokens_per_sentence": {
        "low": 1.0185185185185186,
        "high": 1.0925925925925926,
        "mean": 1.0398148148148147
      },
      "tokens_per_sample": {
        "low": 1.0185185185185186,
        "high": 1.1816142856307528,
        "mean": 1.0555555555555556
      },
      "fkgl_readability": {
        "low": 28.04996017706408,
        "high": 29.988013425328276,
        "mean": 29.019074074074073
      }
    },
    "reference_stats": {
      "sentences_per_sample": {
        "low": NaN,
        "high": NaN,
        "mean": 1.0
      },
      "tokens_per_sentence": {
        "low": 1.2740740740740741,
        "high": 1.4,
        "mean": 1.3333333333333333
      },
      "tokens_per_sample": {
        "low": 1.2740740740740741,
        "high": 1.4,
        "mean": 1.3333333333333333
      },
      "fkgl_readability": {
        "low": 21.903709993080817,
        "high": 23.873587714875907,
        "mean": 22.883333333333333
      }
    },
    "length_diff": {
      "sentences_diff": {
        "low": 0.0,
        "high": 0.009259259259259259,
        "mean": 0.001851851851851852
      },
      "tokens_diff": {
        "low": 0.3,
        "high": 0.4740740740740741,
        "mean": 0.36666666666666664
      }
    },
    "exact_match": {
      "low": 0.3611111111111111,
      "high": 0.4444444444444444,
      "mean": 0.40185185185185185
    },
    "partial_match": {
      "low": 0.3611111111111111,
      "high": 0.4444444444444444,
      "mean": 0.40185185185185185
    }
  }
}