{
  "null": {
    "guideline_match_Financial_Natural": {
      "low": 0.08396946564885496,
      "high": 0.23282442748091603,
      "mean": 0.15648854961832062
    },
    "guideline_match_Human_Financial": {
      "low": 0.10526315789473684,
      "high": 0.47368421052631576,
      "mean": 0.2894736842105263
    },
    "guideline_match_Intellectual_Intellectual": {
      "low": 0.36507936507936506,
      "high": 0.746031746031746,
      "mean": 0.5873015873015873
    },
    "guideline_match_Manufactured_Human": {
      "low": -0.3050847457627119,
      "high": -0.1271186440677966,
      "mean": -0.211864406779661
    },
    "guideline_match_Natural_Social and relationship": {
      "low": -0.2727272727272727,
      "high": 0.6363636363636364,
      "mean": 0.2727272727272727
    },
    "guideline_match_Social and relationship_Manufactured": {
      "low": 0.5333333333333333,
      "high": 0.8666666666666667,
      "mean": 0.7333333333333333
    },
    "guideline_match": {
      "low": 0.1266294227188082,
      "high": 0.24208566108007448,
      "mean": 0.186219739292365
    }
  },
  "classification_metrics": {
    "source_stats": {
      "sentences_per_sample": {
        "low": NaN,
        "high": NaN,
        "mean": 1.0
      },
      "tokens_per_sentence": {
        "low": 29.846296296296295,
        "high": 32.78245265066384,
        "mean": 31.214814814814815
      },
      "tokens_per_sample": {
        "low": 29.846296296296295,
        "high": 32.78245265066384,
        "mean": 31.214814814814815
      },
      "fkgl_readability": {
        "low": 14.885194177106461,
        "high": 15.993435852791453,
        "mean": 15.43277777777778
      }
    },
    "prediction_stats": {
      "sentences_per_sample": {
        "low": NaN,
        "high": NaN,
        "mean": 1.0
      },
      "tokens_per_sentence": {
        "low": 1.025925925925926,
        "high": 1.0777777777777777,
        "mean": 1.048148148148148
      },
      "tokens_per_sample": {
        "low": 1.025925925925926,
        "high": 1.0777777777777777,
        "mean": 1.048148148148148
      },
      "fkgl_readability": {
        "low": 24.66,
        "high": 26.216182626184946,
        "mean": 25.41685185185185
      }
    },
    "reference_stats": {
      "sentences_per_sample": {
        "low": NaN,
        "high": NaN,
        "mean": 1.0
      },
      "tokens_per_sentence": {
        "low": 1.2740740740740741,
        "high": 1.4,
        "mean": 1.3333333333333333
      },
      "tokens_per_sample": {
        "low": 1.2740740740740741,
        "high": 1.4,
        "mean": 1.3333333333333333
      },
      "fkgl_readability": {
        "low": 21.903709993080817,
        "high": 23.873587714875907,
        "mean": 22.883333333333333
      }
    },
    "length_diff": {
      "sentences_diff": {
        "low": NaN,
        "high": NaN,
        "mean": 0.0
      },
      "tokens_diff": {
        "low": 0.28888888888888886,
        "high": 0.4185185185185185,
        "mean": 0.35185185185185186
      }
    },
    "exact_match": {
      "low": 0.3574074074074074,
      "high": 0.4388888888888889,
      "mean": 0.3962962962962963
    },
    "partial_match": {
      "low": 0.3574074074074074,
      "high": 0.4388888888888889,
      "mean": 0.3962962962962963
    }
  }
}