{
  "null": {
    "guideline_match_Financial_Financial": {
      "low": 0.553623188405797,
      "high": 0.7159420289855073,
      "mean": 0.6405797101449275
    },
    "guideline_match_Human_Human": {
      "low": 0.5789473684210527,
      "high": 0.9473684210526315,
      "mean": 0.8421052631578947
    },
    "guideline_match_Intellectual_Intellectual": {
      "low": 0.3333333333333333,
      "high": 0.8095238095238095,
      "mean": 0.6190476190476191
    },
    "guideline_match_Manufactured_Natural": {
      "low": 0.1951219512195122,
      "high": 0.5609756097560976,
      "mean": 0.3902439024390244
    },
    "guideline_match_Natural_Manufactured": {
      "low": -0.06451612903225806,
      "high": 0.16129032258064516,
      "mean": 0.03225806451612903
    },
    "guideline_match_Social and relationship_Social and relationship": {
      "low": 0.15,
      "high": 0.7,
      "mean": 0.45
    },
    "guideline_match": {
      "low": 0.5157699443413729,
      "high": 0.640074211502783,
      "mean": 0.5825602968460112
    }
  },
  "classification_metrics": {
    "source_stats": {
      "sentences_per_sample": {
        "low": NaN,
        "high": NaN,
        "mean": 1.0
      },
      "tokens_per_sentence": {
        "low": 29.846296296296295,
        "high": 32.78245265066384,
        "mean": 31.214814814814815
      },
      "tokens_per_sample": {
        "low": 29.846296296296295,
        "high": 32.78245265066384,
        "mean": 31.214814814814815
      },
      "fkgl_readability": {
        "low": 14.885194177106461,
        "high": 15.993435852791453,
        "mean": 15.43277777777778
      }
    },
    "prediction_stats": {
      "sentences_per_sample": {
        "low": NaN,
        "high": NaN,
        "mean": 1.0
      },
      "tokens_per_sentence": {
        "low": 1.1185185185185185,
        "high": 1.3844384039439284,
        "mean": 1.1962962962962962
      },
      "tokens_per_sample": {
        "low": 1.1185185185185185,
        "high": 1.3844384039439284,
        "mean": 1.1962962962962962
      },
      "fkgl_readability": {
        "low": 20.552346763158823,
        "high": 21.873137809109373,
        "mean": 21.178703703703704
      }
    },
    "reference_stats": {
      "sentences_per_sample": {
        "low": NaN,
        "high": NaN,
        "mean": 1.0
      },
      "tokens_per_sentence": {
        "low": 1.2740740740740741,
        "high": 1.4,
        "mean": 1.3333333333333333
      },
      "tokens_per_sample": {
        "low": 1.2740740740740741,
        "high": 1.4,
        "mean": 1.3333333333333333
      },
      "fkgl_readability": {
        "low": 21.903709993080817,
        "high": 23.873587714875907,
        "mean": 22.883333333333333
      }
    },
    "length_diff": {
      "sentences_diff": {
        "low": NaN,
        "high": NaN,
        "mean": 0.0
      },
      "tokens_diff": {
        "low": 0.3228029984400059,
        "high": 0.5814814814814815,
        "mean": 0.4111111111111111
      }
    },
    "exact_match": {
      "low": 0.39444444444444443,
      "high": 0.4777777777777778,
      "mean": 0.4351851851851852
    },
    "partial_match": {
      "low": 0.39444444444444443,
      "high": 0.4777777777777778,
      "mean": 0.4351851851851852
    }
  }
}