{
  "null": {
    "guideline_match_Financial_Manufactured": {
      "low": -0.005797101449275362,
      "high": 0.16521739130434782,
      "mean": 0.0782608695652174
    },
    "guideline_match_Human_Natural": {
      "low": -0.23684210526315788,
      "high": -0.02631578947368421,
      "mean": -0.10526315789473684
    },
    "guideline_match_Intellectual_Social and relationship": {
      "low": 0.023809523809523808,
      "high": 0.2619047619047619,
      "mean": 0.11904761904761904
    },
    "guideline_match_Manufactured_Financial": {
      "low": -0.2926829268292683,
      "high": -0.024390243902439025,
      "mean": -0.14634146341463414
    },
    "guideline_match_Natural_Intellectual": {
      "low": 0.0967741935483871,
      "high": 0.4838709677419355,
      "mean": 0.2903225806451613
    },
    "guideline_match_Social and relationship_Human": {
      "low": -0.3,
      "high": 0.3,
      "mean": 0.0
    },
    "guideline_match": {
      "low": -0.0037243947858473,
      "high": 0.12104283054003724,
      "mean": 0.05772811918063315
    }
  },
  "classification_metrics": {
    "source_stats": {
      "sentences_per_sample": {
        "low": NaN,
        "high": NaN,
        "mean": 1.0
      },
      "tokens_per_sentence": {
        "low": 29.846296296296295,
        "high": 32.78245265066384,
        "mean": 31.214814814814815
      },
      "tokens_per_sample": {
        "low": 29.846296296296295,
        "high": 32.78245265066384,
        "mean": 31.214814814814815
      },
      "fkgl_readability": {
        "low": 14.885194177106461,
        "high": 15.993435852791453,
        "mean": 15.43277777777778
      }
    },
    "prediction_stats": {
      "sentences_per_sample": {
        "low": NaN,
        "high": NaN,
        "mean": 1.0
      },
      "tokens_per_sentence": {
        "low": 1.025925925925926,
        "high": 1.2925925925925925,
        "mean": 1.0777777777777777
      },
      "tokens_per_sample": {
        "low": 1.025925925925926,
        "high": 1.2925925925925925,
        "mean": 1.0777777777777777
      },
      "fkgl_readability": {
        "low": 28.020717571654764,
        "high": 29.993576869184956,
        "mean": 29.002037037037034
      }
    },
    "reference_stats": {
      "sentences_per_sample": {
        "low": NaN,
        "high": NaN,
        "mean": 1.0
      },
      "tokens_per_sentence": {
        "low": 1.2740740740740741,
        "high": 1.4,
        "mean": 1.3333333333333333
      },
      "tokens_per_sample": {
        "low": 1.2740740740740741,
        "high": 1.4,
        "mean": 1.3333333333333333
      },
      "fkgl_readability": {
        "low": 21.903709993080817,
        "high": 23.873587714875907,
        "mean": 22.883333333333333
      }
    },
    "length_diff": {
      "sentences_diff": {
        "low": NaN,
        "high": NaN,
        "mean": 0.0
      },
      "tokens_diff": {
        "low": 0.32222222222222224,
        "high": 0.5518518518518518,
        "mean": 0.3962962962962963
      }
    },
    "exact_match": {
      "low": 0.3537037037037037,
      "high": 0.43703703703703706,
      "mean": 0.3962962962962963
    },
    "partial_match": {
      "low": 0.3537037037037037,
      "high": 0.43703703703703706,
      "mean": 0.3962962962962963
    }
  }
}