{
  "null": {
    "guideline_match_Financial_Financial": {
      "low": -0.34492753623188405,
      "high": -0.14202898550724638,
      "mean": -0.2463768115942029
    },
    "guideline_match_Human_Social and relationship": {
      "low": 0.3157894736842105,
      "high": 0.6842105263157895,
      "mean": 0.5263157894736842
    },
    "guideline_match_Intellectual_Intellectual": {
      "low": 0.7619047619047619,
      "high": 1.0,
      "mean": 0.9523809523809523
    },
    "guideline_match_Manufactured_Human": {
      "low": -0.0975609756097561,
      "high": 0.0975609756097561,
      "mean": 0.0
    },
    "guideline_match_Natural_Natural": {
      "low": 0.2903225806451613,
      "high": 0.8709677419354839,
      "mean": 0.6129032258064516
    },
    "guideline_match_Social and relationship_Manufactured": {
      "low": -0.5,
      "high": -0.1,
      "mean": -0.3
    },
    "guideline_match": {
      "low": -0.10986964618249534,
      "high": 0.0446927374301676,
      "mean": -0.0335195530726257
    }
  },
  "classification_metrics": {
    "source_stats": {
      "sentences_per_sample": {
        "low": NaN,
        "high": NaN,
        "mean": 1.0
      },
      "tokens_per_sentence": {
        "low": 29.846296296296295,
        "high": 32.78245265066384,
        "mean": 31.214814814814815
      },
      "tokens_per_sample": {
        "low": 29.846296296296295,
        "high": 32.78245265066384,
        "mean": 31.214814814814815
      },
      "fkgl_readability": {
        "low": 14.885194177106461,
        "high": 15.993435852791453,
        "mean": 15.43277777777778
      }
    },
    "prediction_stats": {
      "sentences_per_sample": {
        "low": NaN,
        "high": NaN,
        "mean": 1.0
      },
      "tokens_per_sentence": {
        "low": 1.2925925925925925,
        "high": 1.7259259259259259,
        "mean": 1.424074074074074
      },
      "tokens_per_sample": {
        "low": 1.2925925925925925,
        "high": 1.7259259259259259,
        "mean": 1.424074074074074
      },
      "fkgl_readability": {
        "low": 21.808366578029343,
        "high": 23.641666666666662,
        "mean": 22.725370370370367
      }
    },
    "reference_stats": {
      "sentences_per_sample": {
        "low": NaN,
        "high": NaN,
        "mean": 1.0
      },
      "tokens_per_sentence": {
        "low": 1.2740740740740741,
        "high": 1.4,
        "mean": 1.3333333333333333
      },
      "tokens_per_sample": {
        "low": 1.2740740740740741,
        "high": 1.4,
        "mean": 1.3333333333333333
      },
      "fkgl_readability": {
        "low": 21.903709993080817,
        "high": 23.873587714875907,
        "mean": 22.883333333333333
      }
    },
    "length_diff": {
      "sentences_diff": {
        "low": NaN,
        "high": NaN,
        "mean": 0.0
      },
      "tokens_diff": {
        "low": 0.5074074074074074,
        "high": 0.9314814814814815,
        "mean": 0.6388888888888888
      }
    },
    "exact_match": {
      "low": 0.4203703703703704,
      "high": 0.5055555555555555,
      "mean": 0.46296296296296297
    },
    "partial_match": {
      "low": 0.42407407407407405,
      "high": 0.5092592592592593,
      "mean": 0.4666666666666667
    }
  }
}