{
  "null": {
    "guideline_match_Financial_Financial": {
      "low": 0.549618320610687,
      "high": 0.732824427480916,
      "mean": 0.648854961832061
    },
    "guideline_match_Human_Human": {
      "low": 0.631578947368421,
      "high": 1.0,
      "mean": 0.8947368421052632
    },
    "guideline_match_Intellectual_Intellectual": {
      "low": 0.4603174603174603,
      "high": 0.8412698412698413,
      "mean": 0.6825396825396826
    },
    "guideline_match_Manufactured_Manufactured": {
      "low": 0.593712766570691,
      "high": 0.847457627118644,
      "mean": 0.7457627118644068
    },
    "guideline_match_Natural_Natural": {
      "low": -0.2727272727272727,
      "high": 0.8181818181818182,
      "mean": 0.45454545454545453
    },
    "guideline_match_Social and relationship_Social and relationship": {
      "low": 0.3333333333333333,
      "high": 0.7777777777777778,
      "mean": 0.6
    },
    "guideline_match": {
      "low": 0.6163873370577281,
      "high": 0.7430167597765364,
      "mean": 0.6834264432029795
    }
  },
  "classification_metrics": {
    "source_stats": {
      "sentences_per_sample": {
        "low": NaN,
        "high": NaN,
        "mean": 1.0
      },
      "tokens_per_sentence": {
        "low": 29.846296296296295,
        "high": 32.78245265066384,
        "mean": 31.214814814814815
      },
      "tokens_per_sample": {
        "low": 29.846296296296295,
        "high": 32.78245265066384,
        "mean": 31.214814814814815
      },
      "fkgl_readability": {
        "low": 14.885194177106461,
        "high": 15.993435852791453,
        "mean": 15.43277777777778
      }
    },
    "prediction_stats": {
      "sentences_per_sample": {
        "low": 1.0,
        "high": 1.011111111111111,
        "mean": 1.0018518518518518
      },
      "tokens_per_sentence": {
        "low": 1.2037037037037037,
        "high": 1.451851851851852,
        "mean": 1.2740740740740741
      },
      "tokens_per_sample": {
        "low": 1.211111111111111,
        "high": 1.7134854567013127,
        "mean": 1.3203703703703704
      },
      "fkgl_readability": {
        "low": 23.161674075218844,
        "high": 24.87438045404488,
        "mean": 24.005925925925926
      }
    },
    "reference_stats": {
      "sentences_per_sample": {
        "low": NaN,
        "high": NaN,
        "mean": 1.0
      },
      "tokens_per_sentence": {
        "low": 1.2740740740740741,
        "high": 1.4,
        "mean": 1.3333333333333333
      },
      "tokens_per_sample": {
        "low": 1.2740740740740741,
        "high": 1.4,
        "mean": 1.3333333333333333
      },
      "fkgl_readability": {
        "low": 21.903709993080817,
        "high": 23.873587714875907,
        "mean": 22.883333333333333
      }
    },
    "length_diff": {
      "sentences_diff": {
        "low": 0.0,
        "high": 0.011111111111111112,
        "mean": 0.001851851851851852
      },
      "tokens_diff": {
        "low": 0.3037037037037037,
        "high": 0.8206910629886772,
        "mean": 0.4166666666666667
      }
    },
    "exact_match": {
      "low": 0.4203703703703704,
      "high": 0.5037037037037037,
      "mean": 0.46111111111111114
    },
    "partial_match": {
      "low": 0.4222222222222222,
      "high": 0.5055555555555555,
      "mean": 0.46296296296296297
    }
  }
}