{
  "null": {
    "guideline_match_Background_Conclusion": {
      "low": -0.7777777777777778,
      "high": -0.5555555555555556,
      "mean": -0.6790123456790124
    },
    "guideline_match_Motivation_Method": {
      "low": -0.4426229508196721,
      "high": 0.08196721311475409,
      "mean": -0.18032786885245902
    },
    "guideline_match_Method_Result": {
      "low": 0.31958762886597936,
      "high": 0.6701030927835051,
      "mean": 0.5051546391752577
    },
    "guideline_match_Result_Background": {
      "low": -0.48936170212765956,
      "high": 0.06382978723404255,
      "mean": -0.23404255319148937
    },
    "guideline_match_Conclusion_Motivation": {
      "mean": -1
    },
    "guideline_match": {
      "low": -0.32608695652173914,
      "high": -0.125,
      "mean": -0.22826086956521738
    }
  },
  "classification_metrics": {
    "source_stats": {
      "sentences_per_sample": {
        "low": 1.227,
        "high": 1.293,
        "mean": 1.258
      },
      "tokens_per_sentence": {
        "low": 25.693303722266887,
        "high": 29.15469511227869,
        "mean": 26.796416666666666
      },
      "tokens_per_sample": {
        "low": 29.976148406334858,
        "high": 34.042,
        "mean": 31.359
      },
      "fkgl_readability": {
        "low": 13.427950085916692,
        "high": 14.103988041453839,
        "mean": 13.761
      }
    },
    "prediction_stats": {
      "sentences_per_sample": {
        "low": 1.002,
        "high": 1.015,
        "mean": 1.006
      },
      "tokens_per_sentence": {
        "low": 1.057,
        "high": 1.2617796739951048,
        "mean": 1.1311666666666667
      },
      "tokens_per_sample": {
        "low": 1.102,
        "high": 1.532722358706218,
        "mean": 1.25
      },
      "fkgl_readability": {
        "low": 7.213915981731614,
        "high": 8.192314070287404,
        "mean": 7.7034
      }
    },
    "reference_stats": {
      "sentences_per_sample": {
        "low": NaN,
        "high": NaN,
        "mean": 1.0
      },
      "tokens_per_sentence": {
        "low": NaN,
        "high": NaN,
        "mean": 1.0
      },
      "tokens_per_sample": {
        "low": NaN,
        "high": NaN,
        "mean": 1.0
      },
      "fkgl_readability": {
        "low": 10.184600000000001,
        "high": 11.284955506805629,
        "mean": 10.74
      }
    },
    "length_diff": {
      "sentences_diff": {
        "low": 1.0,
        "high": 1.8,
        "mean": 1.2
      },
      "tokens_diff": {
        "low": 18.99356573627379,
        "high": 41.125,
        "mean": 31.25
      }
    },
    "exact_match": {
      "low": NaN,
      "high": NaN,
      "mean": 1.0
    },
    "partial_match": {
      "low": NaN,
      "high": NaN,
      "mean": 1.0
    }
  }
}