{
  "null": {
    "guideline_match_Financial_Intellectual": {
      "low": -0.4,
      "high": -0.24347826086956523,
      "mean": -0.32463768115942027
    },
    "guideline_match_Human_Human": {
      "low": NaN,
      "high": NaN,
      "mean": 1.0
    },
    "guideline_match_Intellectual_Financial": {
      "low": 0.023809523809523808,
      "high": 0.19047619047619047,
      "mean": 0.07142857142857142
    },
    "guideline_match_Manufactured_Natural": {
      "low": 0.0975609756097561,
      "high": 0.43902439024390244,
      "mean": 0.2682926829268293
    },
    "guideline_match_Natural_Manufactured": {
      "low": -0.16129032258064516,
      "high": 0.06451612903225806,
      "mean": -0.03225806451612903
    },
    "guideline_match_Social and relationship_Social and relationship": {
      "low": -0.9,
      "high": -0.4,
      "mean": -0.7
    },
    "guideline_match": {
      "low": -0.2271880819366853,
      "high": -0.1005586592178771,
      "mean": -0.16573556797020483
    }
  },
  "classification_metrics": {
    "source_stats": {
      "sentences_per_sample": {
        "low": NaN,
        "high": NaN,
        "mean": 1.0
      },
      "tokens_per_sentence": {
        "low": 29.846296296296295,
        "high": 32.78245265066384,
        "mean": 31.214814814814815
      },
      "tokens_per_sample": {
        "low": 29.846296296296295,
        "high": 32.78245265066384,
        "mean": 31.214814814814815
      },
      "fkgl_readability": {
        "low": 14.885194177106461,
        "high": 15.993435852791453,
        "mean": 15.43277777777778
      }
    },
    "prediction_stats": {
      "sentences_per_sample": {
        "low": NaN,
        "high": NaN,
        "mean": 1.0
      },
      "tokens_per_sentence": {
        "low": 1.0148148148148148,
        "high": 1.0592592592592593,
        "mean": 1.0333333333333334
      },
      "tokens_per_sample": {
        "low": 1.0148148148148148,
        "high": 1.0592592592592593,
        "mean": 1.0333333333333334
      },
      "fkgl_readability": {
        "low": 21.07712063019211,
        "high": 23.162037037037038,
        "mean": 22.10722222222222
      }
    },
    "reference_stats": {
      "sentences_per_sample": {
        "low": NaN,
        "high": NaN,
        "mean": 1.0
      },
      "tokens_per_sentence": {
        "low": 1.2740740740740741,
        "high": 1.4,
        "mean": 1.3333333333333333
      },
      "tokens_per_sample": {
        "low": 1.2740740740740741,
        "high": 1.4,
        "mean": 1.3333333333333333
      },
      "fkgl_readability": {
        "low": 21.903709993080817,
        "high": 23.873587714875907,
        "mean": 22.883333333333333
      }
    },
    "length_diff": {
      "sentences_diff": {
        "low": NaN,
        "high": NaN,
        "mean": 0.0
      },
      "tokens_diff": {
        "low": 0.27037037037037037,
        "high": 0.3962962962962963,
        "mean": 0.3296296296296296
      }
    },
    "exact_match": {
      "low": 0.4388888888888889,
      "high": 0.524074074074074,
      "mean": 0.48148148148148145
    },
    "partial_match": {
      "low": 0.4388888888888889,
      "high": 0.524074074074074,
      "mean": 0.48148148148148145
    }
  }
}