{
  "null": {
    "guideline_match_Background_Result": {
      "low": -0.5398230088495575,
      "high": -0.37610619469026546,
      "mean": -0.46017699115044247
    },
    "guideline_match_Motivation_Method": {},
    "guideline_match_Method_Background": {
      "low": -0.91,
      "high": -0.76,
      "mean": -0.85
    },
    "guideline_match_Result_Conclusion": {
      "low": NaN,
      "high": NaN,
      "mean": 1.0
    },
    "guideline_match_Conclusion_Motivation": {},
    "guideline_match": {
      "low": -0.636085626911315,
      "high": -0.5107033639143731,
      "mean": -0.5749235474006116
    }
  },
  "classification_metrics": {
    "source_stats": {
      "sentences_per_sample": {
        "low": 1.227,
        "high": 1.293,
        "mean": 1.258
      },
      "tokens_per_sentence": {
        "low": 25.693303722266887,
        "high": 29.15469511227869,
        "mean": 26.796416666666666
      },
      "tokens_per_sample": {
        "low": 29.976148406334858,
        "high": 34.042,
        "mean": 31.359
      },
      "fkgl_readability": {
        "low": 13.427950085916692,
        "high": 14.103988041453839,
        "mean": 13.761
      }
    },
    "prediction_stats": {
      "sentences_per_sample": {
        "low": 1.001,
        "high": 1.012,
        "mean": 1.004
      },
      "tokens_per_sentence": {
        "low": 1.0105,
        "high": 1.151129076220579,
        "mean": 1.0515
      },
      "tokens_per_sample": {
        "low": 1.022,
        "high": 1.392305712344465,
        "mean": 1.126
      },
      "fkgl_readability": {
        "low": 8.331606682518991,
        "high": 9.520269677431733,
        "mean": 8.917
      }
    },
    "reference_stats": {
      "sentences_per_sample": {
        "low": NaN,
        "high": NaN,
        "mean": 1.0
      },
      "tokens_per_sentence": {
        "low": NaN,
        "high": NaN,
        "mean": 1.0
      },
      "tokens_per_sample": {
        "low": NaN,
        "high": NaN,
        "mean": 1.0
      },
      "fkgl_readability": {
        "low": 10.184600000000001,
        "high": 11.284955506805629,
        "mean": 10.74
      }
    },
    "length_diff": {
      "sentences_diff": {
        "low": 1.0,
        "high": 2.0,
        "mean": 1.3333333333333333
      },
      "tokens_diff": {
        "low": 22.0,
        "high": 54.333333333333336,
        "mean": 42.0
      }
    },
    "exact_match": {
      "low": NaN,
      "high": NaN,
      "mean": 1.0
    },
    "partial_match": {
      "low": NaN,
      "high": NaN,
      "mean": 1.0
    }
  }
}