{
  "null": {
    "guideline_match_Background_Result": {
      "low": 0.632,
      "high": 0.856,
      "mean": 0.76
    },
    "guideline_match_Motivation_Background": {
      "low": 0.24812030075187969,
      "high": 0.5639097744360902,
      "mean": 0.41353383458646614
    },
    "guideline_match_Method_Method": {
      "low": 0.09420289855072464,
      "high": 0.32608695652173914,
      "mean": 0.21014492753623187
    },
    "guideline_match_Result_Motivation": {
      "low": -0.8571428571428571,
      "high": -0.21428571428571427,
      "mean": -0.5714285714285714
    },
    "guideline_match_Conclusion_Conclusion": {
      "low": -0.25,
      "high": 1.0,
      "mean": 0.5
    },
    "guideline_match": {
      "low": 0.26666666666666666,
      "high": 0.41754385964912283,
      "mean": 0.34385964912280703
    }
  },
  "classification_metrics": {
    "source_stats": {
      "sentences_per_sample": {
        "low": 1.227,
        "high": 1.293,
        "mean": 1.258
      },
      "tokens_per_sentence": {
        "low": 25.693303722266887,
        "high": 29.15469511227869,
        "mean": 26.796416666666666
      },
      "tokens_per_sample": {
        "low": 29.976148406334858,
        "high": 34.042,
        "mean": 31.359
      },
      "fkgl_readability": {
        "low": 13.427950085916692,
        "high": 14.103988041453839,
        "mean": 13.761
      }
    },
    "prediction_stats": {
      "sentences_per_sample": {
        "low": 1.001,
        "high": 1.01,
        "mean": 1.004
      },
      "tokens_per_sentence": {
        "low": 1.055,
        "high": 1.2595,
        "mean": 1.122
      },
      "tokens_per_sample": {
        "low": 1.079,
        "high": 1.3777591251880383,
        "mean": 1.182
      },
      "fkgl_readability": {
        "low": 6.349859507619368,
        "high": 7.015769909459794,
        "mean": 6.685800000000001
      }
    },
    "reference_stats": {
      "sentences_per_sample": {
        "low": NaN,
        "high": NaN,
        "mean": 1.0
      },
      "tokens_per_sentence": {
        "low": NaN,
        "high": NaN,
        "mean": 1.0
      },
      "tokens_per_sample": {
        "low": NaN,
        "high": NaN,
        "mean": 1.0
      },
      "fkgl_readability": {
        "low": 10.184600000000001,
        "high": 11.284955506805629,
        "mean": 10.74
      }
    },
    "length_diff": {
      "sentences_diff": {
        "low": NaN,
        "high": NaN,
        "mean": 1.0
      },
      "tokens_diff": {
        "low": 12.555555555555555,
        "high": 28.0,
        "mean": 20.22222222222222
      }
    },
    "exact_match": {
      "low": NaN,
      "high": NaN,
      "mean": 1.0
    },
    "partial_match": {
      "low": NaN,
      "high": NaN,
      "mean": 1.0
    }
  }
}