{
  "null": {
    "guideline_match_Financial_Human": {
      "low": -0.37404580152671757,
      "high": -0.25572519083969464,
      "mean": -0.31297709923664124
    },
    "guideline_match_Human_Natural": {
      "low": -0.6842105263157895,
      "high": -0.34210526315789475,
      "mean": -0.5263157894736842
    },
    "guideline_match_Intellectual_Intellectual": {
      "low": 0.14285714285714285,
      "high": 0.6190476190476191,
      "mean": 0.3968253968253968
    },
    "guideline_match_Manufactured_Financial": {
      "low": -0.044264436045246686,
      "high": 0.0,
      "mean": -0.00847457627118644
    },
    "guideline_match_Natural_Social and relationship": {
      "low": -0.8181818181818182,
      "high": 0.09090909090909091,
      "mean": -0.45454545454545453
    },
    "guideline_match_Social and relationship_Manufactured": {
      "low": 0.5333333333333333,
      "high": 0.8222222222222222,
      "mean": 0.6888888888888889
    },
    "guideline_match": {
      "low": -0.148975791433892,
      "high": -0.04283054003724395,
      "mean": -0.09683426443202979
    }
  },
  "classification_metrics": {
    "source_stats": {
      "sentences_per_sample": {
        "low": NaN,
        "high": NaN,
        "mean": 1.0
      },
      "tokens_per_sentence": {
        "low": 29.846296296296295,
        "high": 32.78245265066384,
        "mean": 31.214814814814815
      },
      "tokens_per_sample": {
        "low": 29.846296296296295,
        "high": 32.78245265066384,
        "mean": 31.214814814814815
      },
      "fkgl_readability": {
        "low": 14.885194177106461,
        "high": 15.993435852791453,
        "mean": 15.43277777777778
      }
    },
    "prediction_stats": {
      "sentences_per_sample": {
        "low": NaN,
        "high": NaN,
        "mean": 1.0
      },
      "tokens_per_sentence": {
        "low": 1.0925925925925926,
        "high": 1.1777777777777778,
        "mean": 1.1296296296296295
      },
      "tokens_per_sample": {
        "low": 1.0925925925925926,
        "high": 1.1777777777777778,
        "mean": 1.1296296296296295
      },
      "fkgl_readability": {
        "low": 26.247667038076024,
        "high": 27.717952175481535,
        "mean": 26.990555555555556
      }
    },
    "reference_stats": {
      "sentences_per_sample": {
        "low": NaN,
        "high": NaN,
        "mean": 1.0
      },
      "tokens_per_sentence": {
        "low": 1.2740740740740741,
        "high": 1.4,
        "mean": 1.3333333333333333
      },
      "tokens_per_sample": {
        "low": 1.2740740740740741,
        "high": 1.4,
        "mean": 1.3333333333333333
      },
      "fkgl_readability": {
        "low": 21.903709993080817,
        "high": 23.873587714875907,
        "mean": 22.883333333333333
      }
    },
    "length_diff": {
      "sentences_diff": {
        "low": NaN,
        "high": NaN,
        "mean": 0.0
      },
      "tokens_diff": {
        "low": 0.34814814814814815,
        "high": 0.48148148148148145,
        "mean": 0.4111111111111111
      }
    },
    "exact_match": {
      "low": 0.337037037037037,
      "high": 0.4170068279210749,
      "mean": 0.37592592592592594
    },
    "partial_match": {
      "low": 0.337037037037037,
      "high": 0.4170068279210749,
      "mean": 0.37592592592592594
    }
  }
}