{
  "null": {
    "guideline_match_Financial_Manufactured": {
      "low": -0.4115942028985507,
      "high": -0.28695652173913044,
      "mean": -0.3507246376811594
    },
    "guideline_match_Human_Financial": {
      "low": -0.23684210526315788,
      "high": -0.02631578947368421,
      "mean": -0.10526315789473684
    },
    "guideline_match_Intellectual_Intellectual": {
      "low": NaN,
      "high": NaN,
      "mean": 1.0
    },
    "guideline_match_Manufactured_Social and relationship": {
      "low": -0.12195121951219512,
      "high": 0.04878048780487805,
      "mean": -0.024390243902439025
    },
    "guideline_match_Natural_Natural": {
      "low": 0.2903225806451613,
      "high": 0.8064516129032258,
      "mean": 0.6129032258064516
    },
    "guideline_match_Social and relationship_Human": {
      "low": -0.15,
      "high": 0.45,
      "mean": 0.15
    },
    "guideline_match": {
      "low": -0.1713221601489758,
      "high": -0.048417132216014895,
      "mean": -0.10986964618249534
    }
  },
  "classification_metrics": {
    "source_stats": {
      "sentences_per_sample": {
        "low": NaN,
        "high": NaN,
        "mean": 1.0
      },
      "tokens_per_sentence": {
        "low": 29.846296296296295,
        "high": 32.78245265066384,
        "mean": 31.214814814814815
      },
      "tokens_per_sample": {
        "low": 29.846296296296295,
        "high": 32.78245265066384,
        "mean": 31.214814814814815
      },
      "fkgl_readability": {
        "low": 14.885194177106461,
        "high": 15.993435852791453,
        "mean": 15.43277777777778
      }
    },
    "prediction_stats": {
      "sentences_per_sample": {
        "low": NaN,
        "high": NaN,
        "mean": 1.0
      },
      "tokens_per_sentence": {
        "low": 1.0,
        "high": 1.0222222222222221,
        "mean": 1.0037037037037038
      },
      "tokens_per_sample": {
        "low": 1.0,
        "high": 1.0222222222222221,
        "mean": 1.0037037037037038
      },
      "fkgl_readability": {
        "low": 27.50648148148148,
        "high": 29.626111111111108,
        "mean": 28.55537037037037
      }
    },
    "reference_stats": {
      "sentences_per_sample": {
        "low": NaN,
        "high": NaN,
        "mean": 1.0
      },
      "tokens_per_sentence": {
        "low": 1.2740740740740741,
        "high": 1.4,
        "mean": 1.3333333333333333
      },
      "tokens_per_sample": {
        "low": 1.2740740740740741,
        "high": 1.4,
        "mean": 1.3333333333333333
      },
      "fkgl_readability": {
        "low": 21.903709993080817,
        "high": 23.873587714875907,
        "mean": 22.883333333333333
      }
    },
    "length_diff": {
      "sentences_diff": {
        "low": NaN,
        "high": NaN,
        "mean": 0.0
      },
      "tokens_diff": {
        "low": 0.2777777777777778,
        "high": 0.40370370370370373,
        "mean": 0.337037037037037
      }
    },
    "exact_match": {
      "low": 0.3925925925925926,
      "high": 0.4777777777777778,
      "mean": 0.4351851851851852
    },
    "partial_match": {
      "low": 0.3925925925925926,
      "high": 0.4777777777777778,
      "mean": 0.4351851851851852
    }
  }
}