{
  "null": {
    "guideline_match_Financial_Financial": {
      "low": -0.30434782608695654,
      "high": -0.09565217391304348,
      "mean": -0.2
    },
    "guideline_match_Human_Natural": {
      "low": -0.13157894736842105,
      "high": 0.05263157894736842,
      "mean": -0.02631578947368421
    },
    "guideline_match_Intellectual_Human": {
      "low": 0.21428571428571427,
      "high": 0.5476190476190477,
      "mean": 0.38095238095238093
    },
    "guideline_match_Manufactured_Manufactured": {
      "low": 0.7560975609756098,
      "high": 1.0,
      "mean": 0.9512195121951219
    },
    "guideline_match_Natural_Intellectual": {
      "low": -0.25806451612903225,
      "high": 0.25806451612903225,
      "mean": 0.0
    },
    "guideline_match_Social and relationship_Social and relationship": {
      "low": -0.9,
      "high": -0.5,
      "mean": -0.75
    },
    "guideline_match": {
      "low": -0.1579925650557621,
      "high": -0.0055762081784386614,
      "mean": -0.08364312267657993
    }
  },
  "classification_metrics": {
    "source_stats": {
      "sentences_per_sample": {
        "low": NaN,
        "high": NaN,
        "mean": 1.0
      },
      "tokens_per_sentence": {
        "low": 29.846296296296295,
        "high": 32.78245265066384,
        "mean": 31.214814814814815
      },
      "tokens_per_sample": {
        "low": 29.846296296296295,
        "high": 32.78245265066384,
        "mean": 31.214814814814815
      },
      "fkgl_readability": {
        "low": 14.885194177106461,
        "high": 15.993435852791453,
        "mean": 15.43277777777778
      }
    },
    "prediction_stats": {
      "sentences_per_sample": {
        "low": NaN,
        "high": NaN,
        "mean": 1.0
      },
      "tokens_per_sentence": {
        "low": 1.0222222222222221,
        "high": 1.2246595132214309,
        "mean": 1.0685185185185184
      },
      "tokens_per_sample": {
        "low": 1.0222222222222221,
        "high": 1.2246595132214309,
        "mean": 1.0685185185185184
      },
      "fkgl_readability": {
        "low": 26.95105855511354,
        "high": 28.930185185185184,
        "mean": 27.950555555555553
      }
    },
    "reference_stats": {
      "sentences_per_sample": {
        "low": NaN,
        "high": NaN,
        "mean": 1.0
      },
      "tokens_per_sentence": {
        "low": 1.2740740740740741,
        "high": 1.4,
        "mean": 1.3333333333333333
      },
      "tokens_per_sample": {
        "low": 1.2740740740740741,
        "high": 1.4,
        "mean": 1.3333333333333333
      },
      "fkgl_readability": {
        "low": 21.903709993080817,
        "high": 23.873587714875907,
        "mean": 22.883333333333333
      }
    },
    "length_diff": {
      "sentences_diff": {
        "low": NaN,
        "high": NaN,
        "mean": 0.0
      },
      "tokens_diff": {
        "low": 0.29074074074074074,
        "high": 0.4962962962962963,
        "mean": 0.3611111111111111
      }
    },
    "exact_match": {
      "low": 0.37777777777777777,
      "high": 0.46111111111111114,
      "mean": 0.4185185185185185
    },
    "partial_match": {
      "low": 0.37777777777777777,
      "high": 0.46111111111111114,
      "mean": 0.4185185185185185
    }
  }
}