{
  "null": {
    "guideline_match_Background_Background": {
      "low": -1.0,
      "high": -0.974025974025974,
      "mean": -0.9925788497217068
    },
    "guideline_match_Motivation_Result": {
      "low": NaN,
      "high": NaN,
      "mean": 1.0
    },
    "guideline_match_Method_Method": {
      "low": -0.5749440715883669,
      "high": -0.41387024608501116,
      "mean": -0.4988814317673378
    },
    "guideline_match_Result_Motivation": {
      "low": -1.0,
      "high": 1.0,
      "mean": 0.3333333333333333
    },
    "guideline_match_Conclusion_Conclusion": {
      "mean": 1
    },
    "guideline_match": {
      "low": -0.796576032225579,
      "high": -0.716012084592145,
      "mean": -0.7583081570996979
    }
  },
  "classification_metrics": {
    "source_stats": {
      "sentences_per_sample": {
        "low": 1.227,
        "high": 1.293,
        "mean": 1.258
      },
      "tokens_per_sentence": {
        "low": 25.693303722266887,
        "high": 29.15469511227869,
        "mean": 26.796416666666666
      },
      "tokens_per_sample": {
        "low": 29.976148406334858,
        "high": 34.042,
        "mean": 31.359
      },
      "fkgl_readability": {
        "low": 13.427950085916692,
        "high": 14.103988041453839,
        "mean": 13.761
      }
    },
    "prediction_stats": {
      "sentences_per_sample": {
        "low": 1.001,
        "high": 1.012,
        "mean": 1.004
      },
      "tokens_per_sentence": {
        "low": 1.0203333333333333,
        "high": 1.2076666666666664,
        "mean": 1.0818333333333332
      },
      "tokens_per_sample": {
        "low": 1.037,
        "high": 1.424,
        "mean": 1.162
      },
      "fkgl_readability": {
        "low": 15.03162965718985,
        "high": 16.070496161879447,
        "mean": 15.567399999999996
      }
    },
    "reference_stats": {
      "sentences_per_sample": {
        "low": NaN,
        "high": NaN,
        "mean": 1.0
      },
      "tokens_per_sentence": {
        "low": NaN,
        "high": NaN,
        "mean": 1.0
      },
      "tokens_per_sample": {
        "low": NaN,
        "high": NaN,
        "mean": 1.0
      },
      "fkgl_readability": {
        "low": 10.184600000000001,
        "high": 11.284955506805629,
        "mean": 10.74
      }
    },
    "length_diff": {
      "sentences_diff": {
        "low": 1.0,
        "high": 2.0,
        "mean": 1.3333333333333333
      },
      "tokens_diff": {
        "low": 31.0,
        "high": 56.5,
        "mean": 40.5
      }
    },
    "exact_match": {
      "low": NaN,
      "high": NaN,
      "mean": 1.0
    },
    "partial_match": {
      "low": NaN,
      "high": NaN,
      "mean": 1.0
    }
  }
}