{
  "null": {
    "guideline_match_Financial_Intellectual": {
      "low": -0.1984732824427481,
      "high": -0.04961832061068702,
      "mean": -0.12595419847328243
    },
    "guideline_match_Human_Human": {
      "low": 0.631578947368421,
      "high": 1.0,
      "mean": 0.8947368421052632
    },
    "guideline_match_Intellectual_Financial": {
      "low": -0.07936507936507936,
      "high": 0.12698412698412698,
      "mean": 0.015873015873015872
    },
    "guideline_match_Manufactured_Natural": {
      "low": -0.16101694915254236,
      "high": 0.025423728813559324,
      "mean": -0.06779661016949153
    },
    "guideline_match_Natural_Manufactured": {
      "low": 0.09090909090909091,
      "high": 1.0,
      "mean": 0.8181818181818182
    },
    "guideline_match_Social and relationship_Social and relationship": {
      "low": 0.6444444444444445,
      "high": 0.9555555555555556,
      "mean": 0.8666666666666667
    },
    "guideline_match": {
      "low": 0.024208566108007448,
      "high": 0.1340782122905028,
      "mean": 0.0782122905027933
    }
  },
  "classification_metrics": {
    "source_stats": {
      "sentences_per_sample": {
        "low": NaN,
        "high": NaN,
        "mean": 1.0
      },
      "tokens_per_sentence": {
        "low": 29.846296296296295,
        "high": 32.78245265066384,
        "mean": 31.214814814814815
      },
      "tokens_per_sample": {
        "low": 29.846296296296295,
        "high": 32.78245265066384,
        "mean": 31.214814814814815
      },
      "fkgl_readability": {
        "low": 14.885194177106461,
        "high": 15.993435852791453,
        "mean": 15.43277777777778
      }
    },
    "prediction_stats": {
      "sentences_per_sample": {
        "low": NaN,
        "high": NaN,
        "mean": 1.0
      },
      "tokens_per_sentence": {
        "low": 1.288888888888889,
        "high": 1.4351851851851851,
        "mean": 1.3537037037037036
      },
      "tokens_per_sample": {
        "low": 1.288888888888889,
        "high": 1.4351851851851851,
        "mean": 1.3537037037037036
      },
      "fkgl_readability": {
        "low": 23.62814080059068,
        "high": 25.539541327338082,
        "mean": 24.579814814814814
      }
    },
    "reference_stats": {
      "sentences_per_sample": {
        "low": NaN,
        "high": NaN,
        "mean": 1.0
      },
      "tokens_per_sentence": {
        "low": 1.2740740740740741,
        "high": 1.4,
        "mean": 1.3333333333333333
      },
      "tokens_per_sample": {
        "low": 1.2740740740740741,
        "high": 1.4,
        "mean": 1.3333333333333333
      },
      "fkgl_readability": {
        "low": 21.903709993080817,
        "high": 23.873587714875907,
        "mean": 22.883333333333333
      }
    },
    "length_diff": {
      "sentences_diff": {
        "low": NaN,
        "high": NaN,
        "mean": 0.0
      },
      "tokens_diff": {
        "low": 0.32222222222222224,
        "high": 0.4759259259259259,
        "mean": 0.3907407407407407
      }
    },
    "exact_match": {
      "low": 0.40555555555555556,
      "high": 0.49074074074074076,
      "mean": 0.45
    },
    "partial_match": {
      "low": 0.40555555555555556,
      "high": 0.49074074074074076,
      "mean": 0.45
    }
  }
}