{
  "null": {
    "guideline_match_Financial_Financial": {
      "low": -0.32753623188405795,
      "high": -0.11884057971014493,
      "mean": -0.22318840579710145
    },
    "guideline_match_Human_Human": {
      "low": NaN,
      "high": NaN,
      "mean": 1.0
    },
    "guideline_match_Intellectual_Intellectual": {
      "low": 0.5238095238095238,
      "high": 0.9047619047619048,
      "mean": 0.7619047619047619
    },
    "guideline_match_Manufactured_Manufactured": {
      "low": 0.7560975609756098,
      "high": 1.0,
      "mean": 0.9512195121951219
    },
    "guideline_match_Natural_Natural": {
      "low": 0.2903225806451613,
      "high": 0.8064516129032258,
      "mean": 0.6129032258064516
    },
    "guideline_match_Social and relationship_Social and relationship": {
      "low": -0.65,
      "high": -0.1,
      "mean": -0.4
    },
    "guideline_match": {
      "low": -0.022263450834879406,
      "high": 0.14842300556586271,
      "mean": 0.06493506493506493
    }
  },
  "classification_metrics": {
    "source_stats": {
      "sentences_per_sample": {
        "low": NaN,
        "high": NaN,
        "mean": 1.0
      },
      "tokens_per_sentence": {
        "low": 29.846296296296295,
        "high": 32.78245265066384,
        "mean": 31.214814814814815
      },
      "tokens_per_sample": {
        "low": 29.846296296296295,
        "high": 32.78245265066384,
        "mean": 31.214814814814815
      },
      "fkgl_readability": {
        "low": 14.885194177106461,
        "high": 15.993435852791453,
        "mean": 15.43277777777778
      }
    },
    "prediction_stats": {
      "sentences_per_sample": {
        "low": 1.0,
        "high": 1.011111111111111,
        "mean": 1.0018518518518518
      },
      "tokens_per_sentence": {
        "low": 1.075925925925926,
        "high": 1.375925925925926,
        "mean": 1.1611111111111112
      },
      "tokens_per_sample": {
        "low": 1.0833333333333333,
        "high": 1.4027819465560445,
        "mean": 1.1796296296296296
      },
      "fkgl_readability": {
        "low": 22.174424357274482,
        "high": 23.990510824546362,
        "mean": 23.07185185185185
      }
    },
    "reference_stats": {
      "sentences_per_sample": {
        "low": NaN,
        "high": NaN,
        "mean": 1.0
      },
      "tokens_per_sentence": {
        "low": 1.2740740740740741,
        "high": 1.4,
        "mean": 1.3333333333333333
      },
      "tokens_per_sample": {
        "low": 1.2740740740740741,
        "high": 1.4,
        "mean": 1.3333333333333333
      },
      "fkgl_readability": {
        "low": 21.903709993080817,
        "high": 23.873587714875907,
        "mean": 22.883333333333333
      }
    },
    "length_diff": {
      "sentences_diff": {
        "low": 0.0,
        "high": 0.011111111111111112,
        "mean": 0.001851851851851852
      },
      "tokens_diff": {
        "low": 0.32592592592592595,
        "high": 0.6481481481481481,
        "mean": 0.4351851851851852
      }
    },
    "exact_match": {
      "low": 0.43148148148148147,
      "high": 0.5166666666666667,
      "mean": 0.4740740740740741
    },
    "partial_match": {
      "low": 0.43148148148148147,
      "high": 0.5166666666666667,
      "mean": 0.4740740740740741
    }
  }
}