{
  "null": {
    "guideline_match_Background_Background": {
      "low": -0.7959183673469388,
      "high": -0.6808905380333952,
      "mean": -0.7402597402597403
    },
    "guideline_match_Motivation_Conclusion": {
      "mean": -1
    },
    "guideline_match_Method_Method": {
      "low": 0.8657718120805369,
      "high": 0.941834451901566,
      "mean": 0.9105145413870246
    },
    "guideline_match_Result_Motivation": {
      "low": -0.42857142857142855,
      "high": 1.0,
      "mean": 0.42857142857142855
    },
    "guideline_match_Conclusion_Result": {},
    "guideline_match": {
      "low": -0.05030181086519115,
      "high": 0.0744466800804829,
      "mean": 0.01006036217303823
    }
  },
  "classification_metrics": {
    "source_stats": {
      "sentences_per_sample": {
        "low": 1.227,
        "high": 1.293,
        "mean": 1.258
      },
      "tokens_per_sentence": {
        "low": 25.693303722266887,
        "high": 29.15469511227869,
        "mean": 26.796416666666666
      },
      "tokens_per_sample": {
        "low": 29.976148406334858,
        "high": 34.042,
        "mean": 31.359
      },
      "fkgl_readability": {
        "low": 13.427950085916692,
        "high": 14.103988041453839,
        "mean": 13.761
      }
    },
    "prediction_stats": {
      "sentences_per_sample": {
        "low": 1.0,
        "high": 1.006,
        "mean": 1.001
      },
      "tokens_per_sentence": {
        "low": 1.0,
        "high": 1.033,
        "mean": 1.0055
      },
      "tokens_per_sample": {
        "low": 1.0,
        "high": 1.072,
        "mean": 1.012
      },
      "fkgl_readability": {
        "low": -1.968,
        "high": -1.2961999999999998,
        "mean": -1.6616000000000002
      }
    },
    "reference_stats": {
      "sentences_per_sample": {
        "low": NaN,
        "high": NaN,
        "mean": 1.0
      },
      "tokens_per_sentence": {
        "low": NaN,
        "high": NaN,
        "mean": 1.0
      },
      "tokens_per_sample": {
        "low": NaN,
        "high": NaN,
        "mean": 1.0
      },
      "fkgl_readability": {
        "low": 10.184600000000001,
        "high": 11.284955506805629,
        "mean": 10.74
      }
    },
    "length_diff": {
      "sentences_diff": {
        "mean": 1
      },
      "tokens_diff": {
        "mean": 12
      }
    },
    "exact_match": {
      "low": NaN,
      "high": NaN,
      "mean": 1.0
    },
    "partial_match": {
      "low": NaN,
      "high": NaN,
      "mean": 1.0
    }
  }
}