{
  "null": {
    "guideline_match_Background_Background": {
      "low": 0.4740740740740741,
      "high": 0.6666666666666666,
      "mean": 0.5777777777777777
    },
    "guideline_match_Motivation_Motivation": {
      "low": 0.34285714285714286,
      "high": 0.6285714285714286,
      "mean": 0.5
    },
    "guideline_match_Method_Conclusion": {
      "low": NaN,
      "high": NaN,
      "mean": -1.0
    },
    "guideline_match_Result_Result": {
      "low": 0.6406779661016949,
      "high": 0.8033898305084746,
      "mean": 0.7288135593220338
    },
    "guideline_match_Conclusion_Method": {
      "low": NaN,
      "high": NaN,
      "mean": -1.0
    },
    "guideline_match": {
      "low": 0.3838383838383838,
      "high": 0.5075757575757576,
      "mean": 0.44696969696969696
    }
  },
  "classification_metrics": {
    "source_stats": {
      "sentences_per_sample": {
        "low": 1.227,
        "high": 1.293,
        "mean": 1.258
      },
      "tokens_per_sentence": {
        "low": 25.693303722266887,
        "high": 29.15469511227869,
        "mean": 26.796416666666666
      },
      "tokens_per_sample": {
        "low": 29.976148406334858,
        "high": 34.042,
        "mean": 31.359
      },
      "fkgl_readability": {
        "low": 13.427950085916692,
        "high": 14.103988041453839,
        "mean": 13.761
      }
    },
    "prediction_stats": {
      "sentences_per_sample": {
        "low": 1.007,
        "high": 1.023,
        "mean": 1.013
      },
      "tokens_per_sentence": {
        "low": 1.1343333333333334,
        "high": 1.3753333333333335,
        "mean": 1.2335
      },
      "tokens_per_sample": {
        "low": 1.247,
        "high": 1.723,
        "mean": 1.438
      },
      "fkgl_readability": {
        "low": 7.125945821491213,
        "high": 8.032110222106947,
        "mean": 7.582200000000001
      }
    },
    "reference_stats": {
      "sentences_per_sample": {
        "low": NaN,
        "high": NaN,
        "mean": 1.0
      },
      "tokens_per_sentence": {
        "low": NaN,
        "high": NaN,
        "mean": 1.0
      },
      "tokens_per_sample": {
        "low": NaN,
        "high": NaN,
        "mean": 1.0
      },
      "fkgl_readability": {
        "low": 10.184600000000001,
        "high": 11.284955506805629,
        "mean": 10.74
      }
    },
    "length_diff": {
      "sentences_diff": {
        "low": 1.0,
        "high": 1.5454545454545454,
        "mean": 1.1818181818181819
      },
      "tokens_diff": {
        "low": 24.4,
        "high": 34.6,
        "mean": 29.2
      }
    },
    "exact_match": {
      "low": NaN,
      "high": NaN,
      "mean": 1.0
    },
    "partial_match": {
      "low": NaN,
      "high": NaN,
      "mean": 1.0
    }
  }
}