{
  "null": {
    "guideline_match_Background_Background": {
      "low": 0.6666666666666666,
      "high": 0.8296296296296296,
      "mean": 0.7555555555555555
    },
    "guideline_match_Motivation_Motivation": {
      "low": -0.6285714285714286,
      "high": -0.32857142857142857,
      "mean": -0.4857142857142857
    },
    "guideline_match_Method_Method": {
      "low": 0.5652173913043478,
      "high": 0.7463768115942029,
      "mean": 0.6594202898550725
    },
    "guideline_match_Result_Conclusion": {
      "low": -0.9225806451612903,
      "high": -0.7548387096774194,
      "mean": -0.8580645161290322
    },
    "guideline_match_Conclusion_Result": {
      "low": -1.0,
      "high": 1.0,
      "mean": -0.3333333333333333
    },
    "guideline_match": {
      "low": 0.15402843601895735,
      "high": 0.2843601895734597,
      "mean": 0.21800947867298578
    }
  },
  "classification_metrics": {
    "source_stats": {
      "sentences_per_sample": {
        "low": 1.227,
        "high": 1.293,
        "mean": 1.258
      },
      "tokens_per_sentence": {
        "low": 25.693303722266887,
        "high": 29.15469511227869,
        "mean": 26.796416666666666
      },
      "tokens_per_sample": {
        "low": 29.976148406334858,
        "high": 34.042,
        "mean": 31.359
      },
      "fkgl_readability": {
        "low": 13.427950085916692,
        "high": 14.103988041453839,
        "mean": 13.761
      }
    },
    "prediction_stats": {
      "sentences_per_sample": {
        "low": 1.002,
        "high": 1.011,
        "mean": 1.005
      },
      "tokens_per_sentence": {
        "low": 1.076,
        "high": 1.331712918926607,
        "mean": 1.166
      },
      "tokens_per_sample": {
        "low": 1.119,
        "high": 1.5258655501369904,
        "mean": 1.261
      },
      "fkgl_readability": {
        "low": 4.484157531063695,
        "high": 5.3140007803323535,
        "mean": 4.899100000000001
      }
    },
    "reference_stats": {
      "sentences_per_sample": {
        "low": NaN,
        "high": NaN,
        "mean": 1.0
      },
      "tokens_per_sentence": {
        "low": NaN,
        "high": NaN,
        "mean": 1.0
      },
      "tokens_per_sample": {
        "low": NaN,
        "high": NaN,
        "mean": 1.0
      },
      "fkgl_readability": {
        "low": 10.184600000000001,
        "high": 11.284955506805629,
        "mean": 10.74
      }
    },
    "length_diff": {
      "sentences_diff": {
        "low": NaN,
        "high": NaN,
        "mean": 1.0
      },
      "tokens_diff": {
        "low": 26.875,
        "high": 39.125,
        "mean": 32.625
      }
    },
    "exact_match": {
      "low": NaN,
      "high": NaN,
      "mean": 1.0
    },
    "partial_match": {
      "low": NaN,
      "high": NaN,
      "mean": 1.0
    }
  }
}