{
  "null": {
    "guideline_match_Financial_Human": {
      "low": -0.14492753623188406,
      "high": 0.03188405797101449,
      "mean": -0.057971014492753624
    },
    "guideline_match_Human_Manufactured": {
      "low": 0.13157894736842105,
      "high": 0.39473684210526316,
      "mean": 0.23684210526315788
    },
    "guideline_match_Intellectual_Intellectual": {
      "low": 0.6666666666666666,
      "high": 1.0,
      "mean": 0.9047619047619048
    },
    "guideline_match_Manufactured_Financial": {
      "low": -0.2926829268292683,
      "high": 0.04878048780487805,
      "mean": -0.12195121951219512
    },
    "guideline_match_Natural_Social and relationship": {
      "low": -0.3225806451612903,
      "high": 0.12903225806451613,
      "mean": -0.0967741935483871
    },
    "guideline_match_Social and relationship_Natural": {
      "low": -0.8,
      "high": -0.525,
      "mean": -0.675
    },
    "guideline_match": {
      "low": -0.08453842676453553,
      "high": 0.05204460966542751,
      "mean": -0.01486988847583643
    }
  },
  "classification_metrics": {
    "source_stats": {
      "sentences_per_sample": {
        "low": NaN,
        "high": NaN,
        "mean": 1.0
      },
      "tokens_per_sentence": {
        "low": 29.846296296296295,
        "high": 32.78245265066384,
        "mean": 31.214814814814815
      },
      "tokens_per_sample": {
        "low": 29.846296296296295,
        "high": 32.78245265066384,
        "mean": 31.214814814814815
      },
      "fkgl_readability": {
        "low": 14.885194177106461,
        "high": 15.993435852791453,
        "mean": 15.43277777777778
      }
    },
    "prediction_stats": {
      "sentences_per_sample": {
        "low": NaN,
        "high": NaN,
        "mean": 1.0
      },
      "tokens_per_sentence": {
        "low": 1.0425925925925925,
        "high": 1.1037037037037036,
        "mean": 1.0685185185185184
      },
      "tokens_per_sample": {
        "low": 1.0425925925925925,
        "high": 1.1037037037037036,
        "mean": 1.0685185185185184
      },
      "fkgl_readability": {
        "low": 20.853888888888886,
        "high": 22.874074074074073,
        "mean": 21.851111111111113
      }
    },
    "reference_stats": {
      "sentences_per_sample": {
        "low": NaN,
        "high": NaN,
        "mean": 1.0
      },
      "tokens_per_sentence": {
        "low": 1.2740740740740741,
        "high": 1.4,
        "mean": 1.3333333333333333
      },
      "tokens_per_sample": {
        "low": 1.2740740740740741,
        "high": 1.4,
        "mean": 1.3333333333333333
      },
      "fkgl_readability": {
        "low": 21.903709993080817,
        "high": 23.873587714875907,
        "mean": 22.883333333333333
      }
    },
    "length_diff": {
      "sentences_diff": {
        "low": NaN,
        "high": NaN,
        "mean": 0.0
      },
      "tokens_diff": {
        "low": 0.26666666666666666,
        "high": 0.3907407407407407,
        "mean": 0.32407407407407407
      }
    },
    "exact_match": {
      "low": 0.4185185185185185,
      "high": 0.5018518518518519,
      "mean": 0.45925925925925926
    },
    "partial_match": {
      "low": 0.4185185185185185,
      "high": 0.5018518518518519,
      "mean": 0.45925925925925926
    }
  }
}