{
  "null": {
    "guideline_match_Financial_Financial": {
      "low": 0.16030534351145037,
      "high": 0.3969465648854962,
      "mean": 0.2824427480916031
    },
    "guideline_match_Human_Human": {
      "low": 0.6842105263157895,
      "high": 1.0,
      "mean": 0.8947368421052632
    },
    "guideline_match_Intellectual_Intellectual": {
      "low": 0.5873015873015873,
      "high": 0.9047619047619048,
      "mean": 0.7777777777777778
    },
    "guideline_match_Manufactured_Manufactured": {
      "low": 0.559322033898305,
      "high": 0.8305084745762712,
      "mean": 0.711864406779661
    },
    "guideline_match_Natural_Social and relationship": {
      "low": -0.09090909090909091,
      "high": 0.6363636363636364,
      "mean": 0.2727272727272727
    },
    "guideline_match_Social and relationship_Natural": {
      "low": -0.3111111111111111,
      "high": -0.06666666666666667,
      "mean": -0.17777777777777778
    },
    "guideline_match": {
      "low": 0.3649906890130354,
      "high": 0.5102420856610801,
      "mean": 0.43947858472998136
    }
  },
  "classification_metrics": {
    "source_stats": {
      "sentences_per_sample": {
        "low": NaN,
        "high": NaN,
        "mean": 1.0
      },
      "tokens_per_sentence": {
        "low": 29.846296296296295,
        "high": 32.78245265066384,
        "mean": 31.214814814814815
      },
      "tokens_per_sample": {
        "low": 29.846296296296295,
        "high": 32.78245265066384,
        "mean": 31.214814814814815
      },
      "fkgl_readability": {
        "low": 14.885194177106461,
        "high": 15.993435852791453,
        "mean": 15.43277777777778
      }
    },
    "prediction_stats": {
      "sentences_per_sample": {
        "low": NaN,
        "high": NaN,
        "mean": 1.0
      },
      "tokens_per_sentence": {
        "low": 1.211111111111111,
        "high": 1.3222222222222222,
        "mean": 1.262962962962963
      },
      "tokens_per_sample": {
        "low": 1.211111111111111,
        "high": 1.3222222222222222,
        "mean": 1.262962962962963
      },
      "fkgl_readability": {
        "low": 23.657777777777774,
        "high": 25.49722222222222,
        "mean": 24.545740740740744
      }
    },
    "reference_stats": {
      "sentences_per_sample": {
        "low": NaN,
        "high": NaN,
        "mean": 1.0
      },
      "tokens_per_sentence": {
        "low": 1.2740740740740741,
        "high": 1.4,
        "mean": 1.3333333333333333
      },
      "tokens_per_sample": {
        "low": 1.2740740740740741,
        "high": 1.4,
        "mean": 1.3333333333333333
      },
      "fkgl_readability": {
        "low": 21.903709993080817,
        "high": 23.873587714875907,
        "mean": 22.883333333333333
      }
    },
    "length_diff": {
      "sentences_diff": {
        "low": NaN,
        "high": NaN,
        "mean": 0.0
      },
      "tokens_diff": {
        "low": 0.27037037037037037,
        "high": 0.3962962962962963,
        "mean": 0.3296296296296296
      }
    },
    "exact_match": {
      "low": 0.4537037037037037,
      "high": 0.5370370370370371,
      "mean": 0.4962962962962963
    },
    "partial_match": {
      "low": 0.4537037037037037,
      "high": 0.5370370370370371,
      "mean": 0.4962962962962963
    }
  }
}