{
  "classification_metrics": {
    "source_stats": {
      "sentences_per_sample": {
        "low": NaN,
        "high": NaN,
        "mean": 1.0
      },
      "tokens_per_sentence": {
        "low": 29.846296296296295,
        "high": 32.78245265066384,
        "mean": 31.214814814814815
      },
      "tokens_per_sample": {
        "low": 29.846296296296295,
        "high": 32.78245265066384,
        "mean": 31.214814814814815
      },
      "fkgl_readability": {
        "low": 14.885194177106461,
        "high": 15.993435852791453,
        "mean": 15.43277777777778
      }
    },
    "prediction_stats": {
      "sentences_per_sample": {
        "low": NaN,
        "high": NaN,
        "mean": 1.0
      },
      "tokens_per_sentence": {
        "low": 1.151851851851852,
        "high": 1.3111111111111111,
        "mean": 1.211111111111111
      },
      "tokens_per_sample": {
        "low": 1.151851851851852,
        "high": 1.3111111111111111,
        "mean": 1.211111111111111
      },
      "fkgl_readability": {
        "low": 23.27980243876463,
        "high": 24.894532851992857,
        "mean": 24.05537037037037
      }
    },
    "reference_stats": {
      "sentences_per_sample": {
        "low": NaN,
        "high": NaN,
        "mean": 1.0
      },
      "tokens_per_sentence": {
        "low": 1.2740740740740741,
        "high": 1.4,
        "mean": 1.3333333333333333
      },
      "tokens_per_sample": {
        "low": 1.2740740740740741,
        "high": 1.4,
        "mean": 1.3333333333333333
      },
      "fkgl_readability": {
        "low": 21.903709993080817,
        "high": 23.873587714875907,
        "mean": 22.883333333333333
      }
    },
    "length_diff": {
      "sentences_diff": {
        "low": NaN,
        "high": NaN,
        "mean": 0.0
      },
      "tokens_diff": {
        "low": 0.3148148148148148,
        "high": 0.4925925925925926,
        "mean": 0.3888888888888889
      }
    },
    "exact_match": {
      "low": 0.3907407407407407,
      "high": 0.4722222222222222,
      "mean": 0.43148148148148147
    },
    "partial_match": {
      "low": 0.3907407407407407,
      "high": 0.4722222222222222,
      "mean": 0.43148148148148147
    }
  }
}