{
  "null": {
    "guideline_match_Financial_Financial": {
      "low": 0.816793893129771,
      "high": 0.9312977099236641,
      "mean": 0.8854961832061069
    },
    "guideline_match_Human_Human": {
      "low": 0.2631578947368421,
      "high": 0.7894736842105263,
      "mean": 0.5789473684210527
    },
    "guideline_match_Intellectual_Manufactured": {
      "low": -0.06349206349206349,
      "high": 0.2857142857142857,
      "mean": 0.1111111111111111
    },
    "guideline_match_Manufactured_Intellectual": {
      "low": -0.2711864406779661,
      "high": -0.11016949152542373,
      "mean": -0.1864406779661017
    },
    "guideline_match_Natural_Social and relationship": {
      "low": 0.0,
      "high": 0.8181818181818182,
      "mean": 0.45454545454545453
    },
    "guideline_match_Social and relationship_Natural": {
      "low": -0.28888888888888886,
      "high": -0.06666666666666667,
      "mean": -0.15555555555555556
    },
    "guideline_match": {
      "low": 0.37988826815642457,
      "high": 0.49906890130353815,
      "mean": 0.441340782122905
    }
  },
  "classification_metrics": {
    "source_stats": {
      "sentences_per_sample": {
        "low": NaN,
        "high": NaN,
        "mean": 1.0
      },
      "tokens_per_sentence": {
        "low": 29.846296296296295,
        "high": 32.78245265066384,
        "mean": 31.214814814814815
      },
      "tokens_per_sample": {
        "low": 29.846296296296295,
        "high": 32.78245265066384,
        "mean": 31.214814814814815
      },
      "fkgl_readability": {
        "low": 14.885194177106461,
        "high": 15.993435852791453,
        "mean": 15.43277777777778
      }
    },
    "prediction_stats": {
      "sentences_per_sample": {
        "low": NaN,
        "high": NaN,
        "mean": 1.0
      },
      "tokens_per_sentence": {
        "low": 1.2037037037037037,
        "high": 1.3888888888888888,
        "mean": 1.2666666666666666
      },
      "tokens_per_sample": {
        "low": 1.2037037037037037,
        "high": 1.3888888888888888,
        "mean": 1.2666666666666666
      },
      "fkgl_readability": {
        "low": 22.18333333333333,
        "high": 23.642174958597224,
        "mean": 22.89037037037037
      }
    },
    "reference_stats": {
      "sentences_per_sample": {
        "low": NaN,
        "high": NaN,
        "mean": 1.0
      },
      "tokens_per_sentence": {
        "low": 1.2740740740740741,
        "high": 1.4,
        "mean": 1.3333333333333333
      },
      "tokens_per_sample": {
        "low": 1.2740740740740741,
        "high": 1.4,
        "mean": 1.3333333333333333
      },
      "fkgl_readability": {
        "low": 21.903709993080817,
        "high": 23.873587714875907,
        "mean": 22.883333333333333
      }
    },
    "length_diff": {
      "sentences_diff": {
        "low": NaN,
        "high": NaN,
        "mean": 0.0
      },
      "tokens_diff": {
        "low": 0.3074074074074074,
        "high": 0.5,
        "mean": 0.37777777777777777
      }
    },
    "exact_match": {
      "low": 0.35,
      "high": 0.43333333333333335,
      "mean": 0.3907407407407407
    },
    "partial_match": {
      "low": 0.35,
      "high": 0.43333333333333335,
      "mean": 0.3907407407407407
    }
  }
}