{
  "null": {
    "guideline_match_Financial_Manufactured": {
      "low": 0.003816793893129771,
      "high": 0.16793893129770993,
      "mean": 0.08396946564885496
    },
    "guideline_match_Human_Human": {
      "low": 0.7368421052631579,
      "high": 1.0,
      "mean": 0.9473684210526315
    },
    "guideline_match_Intellectual_Intellectual": {
      "low": 0.6507936507936508,
      "high": 0.9365079365079365,
      "mean": 0.8412698412698413
    },
    "guideline_match_Manufactured_Financial": {
      "low": -0.2542372881355932,
      "high": -0.11864406779661017,
      "mean": -0.17796610169491525
    },
    "guideline_match_Natural_Natural": {
      "low": -0.09090909090909091,
      "high": 1.0,
      "mean": 0.6363636363636364
    },
    "guideline_match_Social and relationship_Social and relationship": {
      "low": 0.28888888888888886,
      "high": 0.7777777777777778,
      "mean": 0.5555555555555556
    },
    "guideline_match": {
      "low": 0.16573556797020483,
      "high": 0.2849162011173184,
      "mean": 0.2271880819366853
    }
  },
  "classification_metrics": {
    "source_stats": {
      "sentences_per_sample": {
        "low": NaN,
        "high": NaN,
        "mean": 1.0
      },
      "tokens_per_sentence": {
        "low": 29.846296296296295,
        "high": 32.78245265066384,
        "mean": 31.214814814814815
      },
      "tokens_per_sample": {
        "low": 29.846296296296295,
        "high": 32.78245265066384,
        "mean": 31.214814814814815
      },
      "fkgl_readability": {
        "low": 14.885194177106461,
        "high": 15.993435852791453,
        "mean": 15.43277777777778
      }
    },
    "prediction_stats": {
      "sentences_per_sample": {
        "low": NaN,
        "high": NaN,
        "mean": 1.0
      },
      "tokens_per_sentence": {
        "low": 1.1481481481481481,
        "high": 1.2481481481481482,
        "mean": 1.1925925925925926
      },
      "tokens_per_sample": {
        "low": 1.1481481481481481,
        "high": 1.2481481481481482,
        "mean": 1.1925925925925926
      },
      "fkgl_readability": {
        "low": 24.920960163019583,
        "high": 26.71074074074074,
        "mean": 25.814814814814813
      }
    },
    "reference_stats": {
      "sentences_per_sample": {
        "low": NaN,
        "high": NaN,
        "mean": 1.0
      },
      "tokens_per_sentence": {
        "low": 1.2740740740740741,
        "high": 1.4,
        "mean": 1.3333333333333333
      },
      "tokens_per_sample": {
        "low": 1.2740740740740741,
        "high": 1.4,
        "mean": 1.3333333333333333
      },
      "fkgl_readability": {
        "low": 21.903709993080817,
        "high": 23.873587714875907,
        "mean": 22.883333333333333
      }
    },
    "length_diff": {
      "sentences_diff": {
        "low": NaN,
        "high": NaN,
        "mean": 0.0
      },
      "tokens_diff": {
        "low": 0.25555555555555554,
        "high": 0.37777777777777777,
        "mean": 0.3111111111111111
      }
    },
    "exact_match": {
      "low": 0.45740740740740743,
      "high": 0.5425925925925926,
      "mean": 0.5
    },
    "partial_match": {
      "low": 0.45740740740740743,
      "high": 0.5425925925925926,
      "mean": 0.5
    }
  }
}