{
  "null": {
    "guideline_match_Background_Conclusion": {
      "low": -0.9405940594059405,
      "high": -0.7425742574257426,
      "mean": -0.8613861386138614
    },
    "guideline_match_Motivation_Background": {
      "low": 0.3787878787878788,
      "high": 0.6666666666666666,
      "mean": 0.5303030303030303
    },
    "guideline_match_Method_Result": {
      "low": 0.47619047619047616,
      "high": 0.8095238095238095,
      "mean": 0.6666666666666666
    },
    "guideline_match_Result_Motivation": {
      "low": 0.11320754716981132,
      "high": 0.4716981132075472,
      "mean": 0.3018867924528302
    },
    "guideline_match_Conclusion_Method": {
      "low": -1.0,
      "high": 0.6,
      "mean": -0.6
    },
    "guideline_match": {
      "low": 0.06542056074766354,
      "high": 0.2523364485981308,
      "mean": 0.1588785046728972
    }
  },
  "classification_metrics": {
    "source_stats": {
      "sentences_per_sample": {
        "low": 1.227,
        "high": 1.293,
        "mean": 1.258
      },
      "tokens_per_sentence": {
        "low": 25.693303722266887,
        "high": 29.15469511227869,
        "mean": 26.796416666666666
      },
      "tokens_per_sample": {
        "low": 29.976148406334858,
        "high": 34.042,
        "mean": 31.359
      },
      "fkgl_readability": {
        "low": 13.427950085916692,
        "high": 14.103988041453839,
        "mean": 13.761
      }
    },
    "prediction_stats": {
      "sentences_per_sample": {
        "low": 1.006,
        "high": 1.021,
        "mean": 1.012
      },
      "tokens_per_sentence": {
        "low": 1.0966666666666665,
        "high": 1.3095697887008415,
        "mean": 1.1821666666666666
      },
      "tokens_per_sample": {
        "low": 1.199,
        "high": 1.647,
        "mean": 1.376
      },
      "fkgl_readability": {
        "low": 5.6587000000000005,
        "high": 6.556341295094761,
        "mean": 6.1054
      }
    },
    "reference_stats": {
      "sentences_per_sample": {
        "low": NaN,
        "high": NaN,
        "mean": 1.0
      },
      "tokens_per_sentence": {
        "low": NaN,
        "high": NaN,
        "mean": 1.0
      },
      "tokens_per_sample": {
        "low": NaN,
        "high": NaN,
        "mean": 1.0
      },
      "fkgl_readability": {
        "low": 10.184600000000001,
        "high": 11.284955506805629,
        "mean": 10.74
      }
    },
    "length_diff": {
      "sentences_diff": {
        "low": 1.0,
        "high": 1.4545454545454546,
        "mean": 1.0909090909090908
      },
      "tokens_diff": {
        "low": 25.416666666666668,
        "high": 34.666666666666664,
        "mean": 31.333333333333332
      }
    },
    "exact_match": {
      "low": NaN,
      "high": NaN,
      "mean": 1.0
    },
    "partial_match": {
      "low": NaN,
      "high": NaN,
      "mean": 1.0
    }
  }
}