{
  "null": {
    "guideline_match_Financial_Social and relationship": {
      "low": -0.2786259541984733,
      "high": -0.16030534351145037,
      "mean": -0.21755725190839695
    },
    "guideline_match_Human_Manufactured": {
      "low": -0.02631578947368421,
      "high": 0.47368421052631576,
      "mean": 0.23684210526315788
    },
    "guideline_match_Intellectual_Natural": {
      "low": -0.20634920634920634,
      "high": -0.047619047619047616,
      "mean": -0.1111111111111111
    },
    "guideline_match_Manufactured_Human": {
      "low": -0.2966101694915254,
      "high": -0.09322033898305085,
      "mean": -0.19491525423728814
    },
    "guideline_match_Natural_Financial": {
      "low": -0.36363636363636365,
      "high": 0.5454545454545454,
      "mean": 0.09090909090909091
    },
    "guideline_match_Social and relationship_Intellectual": {
      "low": 0.15555555555555556,
      "high": 0.5555555555555556,
      "mean": 0.37777777777777777
    },
    "guideline_match": {
      "low": -0.15985130111524162,
      "high": -0.06319702602230483,
      "mean": -0.11152416356877323
    }
  },
  "classification_metrics": {
    "source_stats": {
      "sentences_per_sample": {
        "low": NaN,
        "high": NaN,
        "mean": 1.0
      },
      "tokens_per_sentence": {
        "low": 29.846296296296295,
        "high": 32.78245265066384,
        "mean": 31.214814814814815
      },
      "tokens_per_sample": {
        "low": 29.846296296296295,
        "high": 32.78245265066384,
        "mean": 31.214814814814815
      },
      "fkgl_readability": {
        "low": 14.885194177106461,
        "high": 15.993435852791453,
        "mean": 15.43277777777778
      }
    },
    "prediction_stats": {
      "sentences_per_sample": {
        "low": 1.0,
        "high": 1.0097321073702914,
        "mean": 1.0018518518518518
      },
      "tokens_per_sentence": {
        "low": 1.1407407407407408,
        "high": 1.4046062675250663,
        "mean": 1.2212962962962963
      },
      "tokens_per_sample": {
        "low": 1.1481481481481481,
        "high": 1.6780919182920992,
        "mean": 1.2703703703703704
      },
      "fkgl_readability": {
        "low": 26.548283446124998,
        "high": 28.438047728920125,
        "mean": 27.481481481481477
      }
    },
    "reference_stats": {
      "sentences_per_sample": {
        "low": NaN,
        "high": NaN,
        "mean": 1.0
      },
      "tokens_per_sentence": {
        "low": 1.2740740740740741,
        "high": 1.4,
        "mean": 1.3333333333333333
      },
      "tokens_per_sample": {
        "low": 1.2740740740740741,
        "high": 1.4,
        "mean": 1.3333333333333333
      },
      "fkgl_readability": {
        "low": 21.903709993080817,
        "high": 23.873587714875907,
        "mean": 22.883333333333333
      }
    },
    "length_diff": {
      "sentences_diff": {
        "low": 0.0,
        "high": 0.009732107370311698,
        "mean": 0.001851851851851852
      },
      "tokens_diff": {
        "low": 0.37407407407407406,
        "high": 0.8962962962962963,
        "mean": 0.5
      }
    },
    "exact_match": {
      "low": 0.3592592592592593,
      "high": 0.44074074074074077,
      "mean": 0.4
    },
    "partial_match": {
      "low": 0.362962962962963,
      "high": 0.4444444444444444,
      "mean": 0.40370370370370373
    }
  }
}