{
  "null": {
    "guideline_match_Background_Background": {
      "low": 0.948051948051948,
      "high": 0.9888682745825603,
      "mean": 0.974025974025974
    },
    "guideline_match_Motivation_Motivation": {
      "low": -0.3333333333333333,
      "high": 1.0,
      "mean": 0.6666666666666666
    },
    "guideline_match_Method_Conclusion": {
      "low": NaN,
      "high": NaN,
      "mean": -1.0
    },
    "guideline_match_Result_Result": {
      "low": -1.0,
      "high": 0.42857142857142855,
      "mean": -0.42857142857142855
    },
    "guideline_match_Conclusion_Method": {},
    "guideline_match": {
      "low": 0.10893246187363835,
      "high": 0.2374727668845316,
      "mean": 0.17429193899782136
    }
  },
  "classification_metrics": {
    "source_stats": {
      "sentences_per_sample": {
        "low": 1.227,
        "high": 1.293,
        "mean": 1.258
      },
      "tokens_per_sentence": {
        "low": 25.693303722266887,
        "high": 29.15469511227869,
        "mean": 26.796416666666666
      },
      "tokens_per_sample": {
        "low": 29.976148406334858,
        "high": 34.042,
        "mean": 31.359
      },
      "fkgl_readability": {
        "low": 13.427950085916692,
        "high": 14.103988041453839,
        "mean": 13.761
      }
    },
    "prediction_stats": {
      "sentences_per_sample": {
        "low": NaN,
        "high": NaN,
        "mean": 1.0
      },
      "tokens_per_sentence": {
        "low": NaN,
        "high": NaN,
        "mean": 1.0
      },
      "tokens_per_sample": {
        "low": NaN,
        "high": NaN,
        "mean": 1.0
      },
      "fkgl_readability": {
        "low": 7.3511000000000015,
        "high": 7.803400000000003,
        "mean": 7.589300000000002
      }
    },
    "reference_stats": {
      "sentences_per_sample": {
        "low": NaN,
        "high": NaN,
        "mean": 1.0
      },
      "tokens_per_sentence": {
        "low": NaN,
        "high": NaN,
        "mean": 1.0
      },
      "tokens_per_sample": {
        "low": NaN,
        "high": NaN,
        "mean": 1.0
      },
      "fkgl_readability": {
        "low": 10.184600000000001,
        "high": 11.284955506805629,
        "mean": 10.74
      }
    },
    "length_diff": {
      "sentences_diff": {},
      "tokens_diff": {}
    },
    "exact_match": {
      "low": NaN,
      "high": NaN,
      "mean": 1.0
    },
    "partial_match": {
      "low": NaN,
      "high": NaN,
      "mean": 1.0
    }
  }
}