{
  "null": {
    "guideline_match_Financial_Human": {
      "low": -0.35877862595419846,
      "high": -0.2480916030534351,
      "mean": -0.3015267175572519
    },
    "guideline_match_Human_Financial": {
      "low": -0.23684210526315788,
      "high": 0.2631578947368421,
      "mean": 0.02631578947368421
    },
    "guideline_match_Intellectual_Intellectual": {
      "low": 0.2698412698412698,
      "high": 0.6825396825396826,
      "mean": 0.49206349206349204
    },
    "guideline_match_Manufactured_Manufactured": {
      "low": 0.7627118644067796,
      "high": 0.9491525423728814,
      "mean": 0.8813559322033898
    },
    "guideline_match_Natural_Natural": {
      "low": 0.09090909090909091,
      "high": 1.0,
      "mean": 0.8181818181818182
    },
    "guideline_match_Social and relationship_Social and relationship": {
      "low": 0.3333333333333333,
      "high": 0.7777777777777778,
      "mean": 0.6
    },
    "guideline_match": {
      "low": 0.10800744878957169,
      "high": 0.24022346368715083,
      "mean": 0.17318435754189945
    }
  },
  "classification_metrics": {
    "source_stats": {
      "sentences_per_sample": {
        "low": NaN,
        "high": NaN,
        "mean": 1.0
      },
      "tokens_per_sentence": {
        "low": 29.846296296296295,
        "high": 32.78245265066384,
        "mean": 31.214814814814815
      },
      "tokens_per_sample": {
        "low": 29.846296296296295,
        "high": 32.78245265066384,
        "mean": 31.214814814814815
      },
      "fkgl_readability": {
        "low": 14.885194177106461,
        "high": 15.993435852791453,
        "mean": 15.43277777777778
      }
    },
    "prediction_stats": {
      "sentences_per_sample": {
        "low": NaN,
        "high": NaN,
        "mean": 1.0
      },
      "tokens_per_sentence": {
        "low": 1.174074074074074,
        "high": 1.3944444444444444,
        "mean": 1.238888888888889
      },
      "tokens_per_sample": {
        "low": 1.174074074074074,
        "high": 1.3944444444444444,
        "mean": 1.238888888888889
      },
      "fkgl_readability": {
        "low": 24.697088883070663,
        "high": 26.222482396801713,
        "mean": 25.443888888888882
      }
    },
    "reference_stats": {
      "sentences_per_sample": {
        "low": NaN,
        "high": NaN,
        "mean": 1.0
      },
      "tokens_per_sentence": {
        "low": 1.2740740740740741,
        "high": 1.4,
        "mean": 1.3333333333333333
      },
      "tokens_per_sample": {
        "low": 1.2740740740740741,
        "high": 1.4,
        "mean": 1.3333333333333333
      },
      "fkgl_readability": {
        "low": 21.903709993080817,
        "high": 23.873587714875907,
        "mean": 22.883333333333333
      }
    },
    "length_diff": {
      "sentences_diff": {
        "low": NaN,
        "high": NaN,
        "mean": 0.0
      },
      "tokens_diff": {
        "low": 0.32222222222222224,
        "high": 0.5481481481481482,
        "mean": 0.39444444444444443
      }
    },
    "exact_match": {
      "low": 0.42592592592592593,
      "high": 0.5092592592592593,
      "mean": 0.4666666666666667
    },
    "partial_match": {
      "low": 0.42592592592592593,
      "high": 0.5092592592592593,
      "mean": 0.4666666666666667
    }
  }
}