{
  "null": {
    "guideline_match_Financial_Intellectual": {
      "low": -0.366412213740458,
      "high": -0.24045801526717558,
      "mean": -0.3053435114503817
    },
    "guideline_match_Human_Financial": {
      "low": -0.05263157894736842,
      "high": 0.47368421052631576,
      "mean": 0.21052631578947367
    },
    "guideline_match_Intellectual_Human": {
      "low": -0.4126984126984127,
      "high": -0.15873015873015872,
      "mean": -0.2857142857142857
    },
    "guideline_match_Manufactured_Natural": {
      "low": 0.09322033898305085,
      "high": 0.2288135593220339,
      "mean": 0.15254237288135594
    },
    "guideline_match_Natural_Social and relationship": {
      "low": 0.45454545454545453,
      "high": 1.0,
      "mean": 0.8181818181818182
    },
    "guideline_match_Social and relationship_Manufactured": {
      "low": 0.5111111111111111,
      "high": 0.8,
      "mean": 0.6666666666666666
    },
    "guideline_match": {
      "low": -0.11359404096834265,
      "high": -0.00931098696461825,
      "mean": -0.061452513966480445
    }
  },
  "classification_metrics": {
    "source_stats": {
      "sentences_per_sample": {
        "low": NaN,
        "high": NaN,
        "mean": 1.0
      },
      "tokens_per_sentence": {
        "low": 29.846296296296295,
        "high": 32.78245265066384,
        "mean": 31.214814814814815
      },
      "tokens_per_sample": {
        "low": 29.846296296296295,
        "high": 32.78245265066384,
        "mean": 31.214814814814815
      },
      "fkgl_readability": {
        "low": 14.885194177106461,
        "high": 15.993435852791453,
        "mean": 15.43277777777778
      }
    },
    "prediction_stats": {
      "sentences_per_sample": {
        "low": NaN,
        "high": NaN,
        "mean": 1.0
      },
      "tokens_per_sentence": {
        "low": 1.0814814814814815,
        "high": 1.162962962962963,
        "mean": 1.1185185185185185
      },
      "tokens_per_sample": {
        "low": 1.0814814814814815,
        "high": 1.162962962962963,
        "mean": 1.1185185185185185
      },
      "fkgl_readability": {
        "low": 25.88804347915078,
        "high": 27.359814814814815,
        "mean": 26.617037037037036
      }
    },
    "reference_stats": {
      "sentences_per_sample": {
        "low": NaN,
        "high": NaN,
        "mean": 1.0
      },
      "tokens_per_sentence": {
        "low": 1.2740740740740741,
        "high": 1.4,
        "mean": 1.3333333333333333
      },
      "tokens_per_sample": {
        "low": 1.2740740740740741,
        "high": 1.4,
        "mean": 1.3333333333333333
      },
      "fkgl_readability": {
        "low": 21.903709993080817,
        "high": 23.873587714875907,
        "mean": 22.883333333333333
      }
    },
    "length_diff": {
      "sentences_diff": {
        "low": NaN,
        "high": NaN,
        "mean": 0.0
      },
      "tokens_diff": {
        "low": 0.3296296296296296,
        "high": 0.46296296296296297,
        "mean": 0.3925925925925926
      }
    },
    "exact_match": {
      "low": 0.35555555555555557,
      "high": 0.4388888888888889,
      "mean": 0.3962962962962963
    },
    "partial_match": {
      "low": 0.35555555555555557,
      "high": 0.4388888888888889,
      "mean": 0.3962962962962963
    }
  }
}