{
  "null": {
    "guideline_match_Financial_Social and relationship": {
      "low": -0.3320610687022901,
      "high": -0.21374045801526717,
      "mean": -0.27099236641221375
    },
    "guideline_match_Human_Manufactured": {
      "low": 0.5,
      "high": 0.9210526315789473,
      "mean": 0.7631578947368421
    },
    "guideline_match_Intellectual_Financial": {
      "low": -0.031746031746031744,
      "high": 0.23809523809523808,
      "mean": 0.09523809523809523
    },
    "guideline_match_Manufactured_Human": {
      "low": -0.2796610169491525,
      "high": -0.11864406779661017,
      "mean": -0.19491525423728814
    },
    "guideline_match_Natural_Natural": {
      "low": NaN,
      "high": NaN,
      "mean": 1.0
    },
    "guideline_match_Social and relationship_Intellectual": {
      "low": 0.06666666666666667,
      "high": 0.4888888888888889,
      "mean": 0.28888888888888886
    },
    "guideline_match": {
      "low": -0.1171003717472119,
      "high": -0.013011152416356878,
      "mean": -0.06505576208178439
    }
  },
  "classification_metrics": {
    "source_stats": {
      "sentences_per_sample": {
        "low": NaN,
        "high": NaN,
        "mean": 1.0
      },
      "tokens_per_sentence": {
        "low": 29.846296296296295,
        "high": 32.78245265066384,
        "mean": 31.214814814814815
      },
      "tokens_per_sample": {
        "low": 29.846296296296295,
        "high": 32.78245265066384,
        "mean": 31.214814814814815
      },
      "fkgl_readability": {
        "low": 14.885194177106461,
        "high": 15.993435852791453,
        "mean": 15.43277777777778
      }
    },
    "prediction_stats": {
      "sentences_per_sample": {
        "low": 1.0,
        "high": 1.0097321073702914,
        "mean": 1.0018518518518518
      },
      "tokens_per_sentence": {
        "low": 1.1037037037037036,
        "high": 1.3148148148148149,
        "mean": 1.1583333333333334
      },
      "tokens_per_sample": {
        "low": 1.1074074074074074,
        "high": 1.5444444444444445,
        "mean": 1.2
      },
      "fkgl_readability": {
        "low": 26.833518518518517,
        "high": 28.41685185185185,
        "mean": 27.600370370370367
      }
    },
    "reference_stats": {
      "sentences_per_sample": {
        "low": NaN,
        "high": NaN,
        "mean": 1.0
      },
      "tokens_per_sentence": {
        "low": 1.2740740740740741,
        "high": 1.4,
        "mean": 1.3333333333333333
      },
      "tokens_per_sample": {
        "low": 1.2740740740740741,
        "high": 1.4,
        "mean": 1.3333333333333333
      },
      "fkgl_readability": {
        "low": 21.903709993080817,
        "high": 23.873587714875907,
        "mean": 22.883333333333333
      }
    },
    "length_diff": {
      "sentences_diff": {
        "low": 0.0,
        "high": 0.009732107370311698,
        "mean": 0.001851851851851852
      },
      "tokens_diff": {
        "low": 0.31851851851851853,
        "high": 0.7501842460789501,
        "mean": 0.4222222222222222
      }
    },
    "exact_match": {
      "low": 0.34814814814814815,
      "high": 0.42962962962962964,
      "mean": 0.3888888888888889
    },
    "partial_match": {
      "low": 0.34814814814814815,
      "high": 0.42962962962962964,
      "mean": 0.3888888888888889
    }
  }
}