{
  "null": {
    "guideline_match_Background_Conclusion": {
      "low": -0.8412698412698413,
      "high": -0.4603174603174603,
      "mean": -0.6825396825396826
    },
    "guideline_match_Motivation_Method": {
      "low": -0.85,
      "high": -0.55,
      "mean": -0.725
    },
    "guideline_match_Method_Background": {
      "low": 0.7407407407407407,
      "high": 0.8888888888888888,
      "mean": 0.8240740740740741
    },
    "guideline_match_Result_Motivation": {
      "low": -0.4084507042253521,
      "high": -0.09859154929577464,
      "mean": -0.2535211267605634
    },
    "guideline_match_Conclusion_Result": {
      "low": -0.14285714285714285,
      "high": 1.0,
      "mean": 0.7142857142857143
    },
    "guideline_match": {
      "low": 0.003937007874015748,
      "high": 0.17716535433070865,
      "mean": 0.09055118110236221
    }
  },
  "classification_metrics": {
    "source_stats": {
      "sentences_per_sample": {
        "low": 1.227,
        "high": 1.293,
        "mean": 1.258
      },
      "tokens_per_sentence": {
        "low": 25.693303722266887,
        "high": 29.15469511227869,
        "mean": 26.796416666666666
      },
      "tokens_per_sample": {
        "low": 29.976148406334858,
        "high": 34.042,
        "mean": 31.359
      },
      "fkgl_readability": {
        "low": 13.427950085916692,
        "high": 14.103988041453839,
        "mean": 13.761
      }
    },
    "prediction_stats": {
      "sentences_per_sample": {
        "low": 1.003,
        "high": 1.014,
        "mean": 1.007
      },
      "tokens_per_sentence": {
        "low": 1.105,
        "high": 1.3386197568106182,
        "mean": 1.196
      },
      "tokens_per_sample": {
        "low": 1.162,
        "high": 1.5721023060327899,
        "mean": 1.317
      },
      "fkgl_readability": {
        "low": 8.812574757563782,
        "high": 9.531351792082676,
        "mean": 9.164600000000002
      }
    },
    "reference_stats": {
      "sentences_per_sample": {
        "low": NaN,
        "high": NaN,
        "mean": 1.0
      },
      "tokens_per_sentence": {
        "low": NaN,
        "high": NaN,
        "mean": 1.0
      },
      "tokens_per_sample": {
        "low": NaN,
        "high": NaN,
        "mean": 1.0
      },
      "fkgl_readability": {
        "low": 10.184600000000001,
        "high": 11.284955506805629,
        "mean": 10.74
      }
    },
    "length_diff": {
      "sentences_diff": {
        "low": NaN,
        "high": NaN,
        "mean": 1.0
      },
      "tokens_diff": {
        "low": 18.46153846153846,
        "high": 31.846153846153847,
        "mean": 24.384615384615383
      }
    },
    "exact_match": {
      "low": NaN,
      "high": NaN,
      "mean": 1.0
    },
    "partial_match": {
      "low": NaN,
      "high": NaN,
      "mean": 1.0
    }
  }
}