{
  "null": {
    "guideline_match_Background_Method": {
      "low": 0.5652173913043478,
      "high": 0.7971014492753623,
      "mean": 0.6956521739130435
    },
    "guideline_match_Motivation_Background": {
      "low": 0.12280701754385964,
      "high": 0.45614035087719296,
      "mean": 0.2982456140350877
    },
    "guideline_match_Method_Motivation": {
      "low": -0.26666666666666666,
      "high": 0.26666666666666666,
      "mean": 0.0
    },
    "guideline_match_Result_Result": {
      "low": 0.5322033898305085,
      "high": 0.7084745762711865,
      "mean": 0.6271186440677966
    },
    "guideline_match_Conclusion_Conclusion": {
      "low": -0.75,
      "high": 0.75,
      "mean": 0.0
    },
    "guideline_match": {
      "low": 0.44065040650406506,
      "high": 0.5772357723577236,
      "mean": 0.5121951219512195
    }
  },
  "classification_metrics": {
    "source_stats": {
      "sentences_per_sample": {
        "low": 1.227,
        "high": 1.293,
        "mean": 1.258
      },
      "tokens_per_sentence": {
        "low": 25.693303722266887,
        "high": 29.15469511227869,
        "mean": 26.796416666666666
      },
      "tokens_per_sample": {
        "low": 29.976148406334858,
        "high": 34.042,
        "mean": 31.359
      },
      "fkgl_readability": {
        "low": 13.427950085916692,
        "high": 14.103988041453839,
        "mean": 13.761
      }
    },
    "prediction_stats": {
      "sentences_per_sample": {
        "low": 1.001,
        "high": 1.008,
        "mean": 1.003
      },
      "tokens_per_sentence": {
        "low": 1.098,
        "high": 1.3348765088643577,
        "mean": 1.186
      },
      "tokens_per_sample": {
        "low": 1.1246621491590796,
        "high": 1.506,
        "mean": 1.252
      },
      "fkgl_readability": {
        "low": 4.078725910538737,
        "high": 4.953974490015372,
        "mean": 4.5076
      }
    },
    "reference_stats": {
      "sentences_per_sample": {
        "low": NaN,
        "high": NaN,
        "mean": 1.0
      },
      "tokens_per_sentence": {
        "low": NaN,
        "high": NaN,
        "mean": 1.0
      },
      "tokens_per_sample": {
        "low": NaN,
        "high": NaN,
        "mean": 1.0
      },
      "fkgl_readability": {
        "low": 10.184600000000001,
        "high": 11.284955506805629,
        "mean": 10.74
      }
    },
    "length_diff": {
      "sentences_diff": {
        "low": NaN,
        "high": NaN,
        "mean": 1.0
      },
      "tokens_diff": {
        "low": 15.0,
        "high": 32.833333333333336,
        "mean": 21.0
      }
    },
    "exact_match": {
      "low": NaN,
      "high": NaN,
      "mean": 1.0
    },
    "partial_match": {
      "low": NaN,
      "high": NaN,
      "mean": 1.0
    }
  }
}