{
  "null": {
    "guideline_match_Financial_Manufactured": {
      "low": -0.5594202898550724,
      "high": -0.4405797101449275,
      "mean": -0.5014492753623189
    },
    "guideline_match_Human_Natural": {
      "low": 0.0,
      "high": 0.13157894736842105,
      "mean": 0.02631578947368421
    },
    "guideline_match_Intellectual_Intellectual": {
      "low": 0.2857142857142857,
      "high": 0.7619047619047619,
      "mean": 0.5714285714285714
    },
    "guideline_match_Manufactured_Social and relationship": {
      "low": -0.3902439024390244,
      "high": -0.024390243902439025,
      "mean": -0.1951219512195122
    },
    "guideline_match_Natural_Human": {
      "low": 0.03225806451612903,
      "high": 0.2903225806451613,
      "mean": 0.12903225806451613
    },
    "guideline_match_Social and relationship_Financial": {
      "low": -0.9,
      "high": -0.65,
      "mean": -0.8
    },
    "guideline_match": {
      "low": -0.3947858472998138,
      "high": -0.28677839851024206,
      "mean": -0.3426443202979516
    }
  },
  "classification_metrics": {
    "source_stats": {
      "sentences_per_sample": {
        "low": NaN,
        "high": NaN,
        "mean": 1.0
      },
      "tokens_per_sentence": {
        "low": 29.846296296296295,
        "high": 32.78245265066384,
        "mean": 31.214814814814815
      },
      "tokens_per_sample": {
        "low": 29.846296296296295,
        "high": 32.78245265066384,
        "mean": 31.214814814814815
      },
      "fkgl_readability": {
        "low": 14.885194177106461,
        "high": 15.993435852791453,
        "mean": 15.43277777777778
      }
    },
    "prediction_stats": {
      "sentences_per_sample": {
        "low": NaN,
        "high": NaN,
        "mean": 1.0
      },
      "tokens_per_sentence": {
        "low": 1.2333333333333334,
        "high": 1.3518518518518519,
        "mean": 1.288888888888889
      },
      "tokens_per_sample": {
        "low": 1.2333333333333334,
        "high": 1.3518518518518519,
        "mean": 1.288888888888889
      },
      "fkgl_readability": {
        "low": 19.0404945669749,
        "high": 20.472925311449817,
        "mean": 19.728518518518516
      }
    },
    "reference_stats": {
      "sentences_per_sample": {
        "low": NaN,
        "high": NaN,
        "mean": 1.0
      },
      "tokens_per_sentence": {
        "low": 1.2740740740740741,
        "high": 1.4,
        "mean": 1.3333333333333333
      },
      "tokens_per_sample": {
        "low": 1.2740740740740741,
        "high": 1.4,
        "mean": 1.3333333333333333
      },
      "fkgl_readability": {
        "low": 21.903709993080817,
        "high": 23.873587714875907,
        "mean": 22.883333333333333
      }
    },
    "length_diff": {
      "sentences_diff": {
        "low": NaN,
        "high": NaN,
        "mean": 0.0
      },
      "tokens_diff": {
        "low": 0.4111111111111111,
        "high": 0.5555555555555556,
        "mean": 0.48148148148148145
      }
    },
    "exact_match": {
      "low": 0.45555555555555555,
      "high": 0.5388888888888889,
      "mean": 0.4981481481481482
    },
    "partial_match": {
      "low": 0.45555555555555555,
      "high": 0.5388888888888889,
      "mean": 0.4981481481481482
    }
  }
}