{
  "null": {
    "guideline_match_Financial_Manufactured": {
      "low": -0.5768115942028985,
      "high": -0.4492753623188406,
      "mean": -0.5130434782608696
    },
    "guideline_match_Human_Financial": {
      "low": -0.21052631578947367,
      "high": -0.02631578947368421,
      "mean": -0.07894736842105263
    },
    "guideline_match_Intellectual_Natural": {
      "low": 0.3333333333333333,
      "high": 0.6190476190476191,
      "mean": 0.47619047619047616
    },
    "guideline_match_Manufactured_Social and relationship": {
      "low": -0.2926829268292683,
      "high": 0.0,
      "mean": -0.14634146341463414
    },
    "guideline_match_Natural_Intellectual": {
      "low": 0.03225806451612903,
      "high": 0.25806451612903225,
      "mean": 0.0967741935483871
    },
    "guideline_match_Social and relationship_Human": {
      "low": -0.2,
      "high": 0.4,
      "mean": 0.1
    },
    "guideline_match": {
      "low": -0.3538175046554935,
      "high": -0.24022346368715083,
      "mean": -0.29608938547486036
    }
  },
  "classification_metrics": {
    "source_stats": {
      "sentences_per_sample": {
        "low": NaN,
        "high": NaN,
        "mean": 1.0
      },
      "tokens_per_sentence": {
        "low": 29.846296296296295,
        "high": 32.78245265066384,
        "mean": 31.214814814814815
      },
      "tokens_per_sample": {
        "low": 29.846296296296295,
        "high": 32.78245265066384,
        "mean": 31.214814814814815
      },
      "fkgl_readability": {
        "low": 14.885194177106461,
        "high": 15.993435852791453,
        "mean": 15.43277777777778
      }
    },
    "prediction_stats": {
      "sentences_per_sample": {
        "low": NaN,
        "high": NaN,
        "mean": 1.0
      },
      "tokens_per_sentence": {
        "low": 1.0092592592592593,
        "high": 1.467757856725388,
        "mean": 1.0888888888888888
      },
      "tokens_per_sample": {
        "low": 1.0092592592592593,
        "high": 1.467757856725388,
        "mean": 1.0888888888888888
      },
      "fkgl_readability": {
        "low": 23.682218772867614,
        "high": 25.540324558765853,
        "mean": 24.57666666666666
      }
    },
    "reference_stats": {
      "sentences_per_sample": {
        "low": NaN,
        "high": NaN,
        "mean": 1.0
      },
      "tokens_per_sentence": {
        "low": 1.2740740740740741,
        "high": 1.4,
        "mean": 1.3333333333333333
      },
      "tokens_per_sample": {
        "low": 1.2740740740740741,
        "high": 1.4,
        "mean": 1.3333333333333333
      },
      "fkgl_readability": {
        "low": 21.903709993080817,
        "high": 23.873587714875907,
        "mean": 22.883333333333333
      }
    },
    "length_diff": {
      "sentences_diff": {
        "low": NaN,
        "high": NaN,
        "mean": 0.0
      },
      "tokens_diff": {
        "low": 0.32407407407407407,
        "high": 0.7518518518518519,
        "mean": 0.4222222222222222
      }
    },
    "exact_match": {
      "low": 0.42777777777777776,
      "high": 0.512962962962963,
      "mean": 0.4703703703703704
    },
    "partial_match": {
      "low": 0.42962962962962964,
      "high": 0.5148148148148148,
      "mean": 0.4722222222222222
    }
  }
}