{
  "null": {
    "guideline_match_Background_Background": {
      "low": 0.8,
      "high": 0.9185185185185185,
      "mean": 0.8666666666666667
    },
    "guideline_match_Motivation_Method": {
      "low": -0.7096774193548387,
      "high": -0.41935483870967744,
      "mean": -0.5806451612903226
    },
    "guideline_match_Method_Result": {
      "low": 0.035897435897435895,
      "high": 0.3128205128205128,
      "mean": 0.1794871794871795
    },
    "guideline_match_Result_Conclusion": {
      "low": -0.9487179487179487,
      "high": -0.6923076923076923,
      "mean": -0.8461538461538461
    },
    "guideline_match_Conclusion_Motivation": {
      "low": NaN,
      "high": NaN,
      "mean": -1.0
    },
    "guideline_match": {
      "low": 0.11475409836065574,
      "high": 0.2608047690014903,
      "mean": 0.18926974664679583
    }
  },
  "classification_metrics": {
    "source_stats": {
      "sentences_per_sample": {
        "low": 1.227,
        "high": 1.293,
        "mean": 1.258
      },
      "tokens_per_sentence": {
        "low": 25.693303722266887,
        "high": 29.15469511227869,
        "mean": 26.796416666666666
      },
      "tokens_per_sample": {
        "low": 29.976148406334858,
        "high": 34.042,
        "mean": 31.359
      },
      "fkgl_readability": {
        "low": 13.427950085916692,
        "high": 14.103988041453839,
        "mean": 13.761
      }
    },
    "prediction_stats": {
      "sentences_per_sample": {
        "low": 1.002,
        "high": 1.011,
        "mean": 1.005
      },
      "tokens_per_sentence": {
        "low": 1.080036460866267,
        "high": 1.3235,
        "mean": 1.1675
      },
      "tokens_per_sample": {
        "low": 1.118909503876219,
        "high": 1.491,
        "mean": 1.255
      },
      "fkgl_readability": {
        "low": 7.079827985543718,
        "high": 7.625100000000002,
        "mean": 7.360000000000002
      }
    },
    "reference_stats": {
      "sentences_per_sample": {
        "low": NaN,
        "high": NaN,
        "mean": 1.0
      },
      "tokens_per_sentence": {
        "low": NaN,
        "high": NaN,
        "mean": 1.0
      },
      "tokens_per_sample": {
        "low": NaN,
        "high": NaN,
        "mean": 1.0
      },
      "fkgl_readability": {
        "low": 10.184600000000001,
        "high": 11.284955506805629,
        "mean": 10.74
      }
    },
    "length_diff": {
      "sentences_diff": {
        "low": NaN,
        "high": NaN,
        "mean": 1.0
      },
      "tokens_diff": {
        "low": 21.77777777777778,
        "high": 33.44444444444444,
        "mean": 28.333333333333332
      }
    },
    "exact_match": {
      "low": NaN,
      "high": NaN,
      "mean": 1.0
    },
    "partial_match": {
      "low": NaN,
      "high": NaN,
      "mean": 1.0
    }
  }
}