{
  "null": {
    "guideline_match_Financial_Natural": {
      "low": 0.4492753623188406,
      "high": 0.5710144927536231,
      "mean": 0.5130434782608696
    },
    "guideline_match_Human_Financial": {
      "low": -0.13157894736842105,
      "high": 0.13157894736842105,
      "mean": 0.0
    },
    "guideline_match_Intellectual_Intellectual": {
      "low": 0.42857142857142855,
      "high": 0.9047619047619048,
      "mean": 0.7142857142857143
    },
    "guideline_match_Manufactured_Human": {
      "low": -0.7317073170731707,
      "high": -0.36585365853658536,
      "mean": -0.5609756097560976
    },
    "guideline_match_Natural_Social and relationship": {
      "low": 0.0,
      "high": 0.2903225806451613,
      "mean": 0.12903225806451613
    },
    "guideline_match_Social and relationship_Manufactured": {
      "low": -0.925,
      "high": -0.625,
      "mean": -0.8
    },
    "guideline_match": {
      "low": 0.2309124767225326,
      "high": 0.34823091247672255,
      "mean": 0.2905027932960894
    }
  },
  "classification_metrics": {
    "source_stats": {
      "sentences_per_sample": {
        "low": NaN,
        "high": NaN,
        "mean": 1.0
      },
      "tokens_per_sentence": {
        "low": 29.846296296296295,
        "high": 32.78245265066384,
        "mean": 31.214814814814815
      },
      "tokens_per_sample": {
        "low": 29.846296296296295,
        "high": 32.78245265066384,
        "mean": 31.214814814814815
      },
      "fkgl_readability": {
        "low": 14.885194177106461,
        "high": 15.993435852791453,
        "mean": 15.43277777777778
      }
    },
    "prediction_stats": {
      "sentences_per_sample": {
        "low": NaN,
        "high": NaN,
        "mean": 1.0
      },
      "tokens_per_sentence": {
        "low": 1.0222222222222221,
        "high": 1.0703703703703704,
        "mean": 1.0407407407407407
      },
      "tokens_per_sample": {
        "low": 1.0222222222222221,
        "high": 1.0703703703703704,
        "mean": 1.0407407407407407
      },
      "fkgl_readability": {
        "low": 20.27759259259259,
        "high": 21.602397717553483,
        "mean": 20.899444444444445
      }
    },
    "reference_stats": {
      "sentences_per_sample": {
        "low": NaN,
        "high": NaN,
        "mean": 1.0
      },
      "tokens_per_sentence": {
        "low": 1.2740740740740741,
        "high": 1.4,
        "mean": 1.3333333333333333
      },
      "tokens_per_sample": {
        "low": 1.2740740740740741,
        "high": 1.4,
        "mean": 1.3333333333333333
      },
      "fkgl_readability": {
        "low": 21.903709993080817,
        "high": 23.873587714875907,
        "mean": 22.883333333333333
      }
    },
    "length_diff": {
      "sentences_diff": {
        "low": NaN,
        "high": NaN,
        "mean": 0.0
      },
      "tokens_diff": {
        "low": 0.2777777777777778,
        "high": 0.40370370370370373,
        "mean": 0.337037037037037
      }
    },
    "exact_match": {
      "low": 0.37962962962962965,
      "high": 0.4648148148148148,
      "mean": 0.4222222222222222
    },
    "partial_match": {
      "low": 0.37962962962962965,
      "high": 0.4648148148148148,
      "mean": 0.4222222222222222
    }
  }
}