{
  "null": {
    "guideline_match_Financial_Social and relationship": {
      "low": -0.6956521739130435,
      "high": -0.5942028985507246,
      "mean": -0.6463768115942029
    },
    "guideline_match_Human_Natural": {
      "low": -0.21052631578947367,
      "high": -0.02631578947368421,
      "mean": -0.07894736842105263
    },
    "guideline_match_Intellectual_Financial": {
      "low": -0.19047619047619047,
      "high": 0.2857142857142857,
      "mean": 0.047619047619047616
    },
    "guideline_match_Manufactured_Human": {
      "low": -0.3170731707317073,
      "high": -0.07317073170731707,
      "mean": -0.17073170731707318
    },
    "guideline_match_Natural_Intellectual": {
      "low": -0.16129032258064516,
      "high": 0.22580645161290322,
      "mean": 0.03225806451612903
    },
    "guideline_match_Social and relationship_Manufactured": {
      "low": -0.425,
      "high": 0.175,
      "mean": -0.125
    },
    "guideline_match": {
      "low": -0.48698884758364314,
      "high": -0.3847583643122677,
      "mean": -0.4368029739776952
    }
  },
  "classification_metrics": {
    "source_stats": {
      "sentences_per_sample": {
        "low": NaN,
        "high": NaN,
        "mean": 1.0
      },
      "tokens_per_sentence": {
        "low": 29.846296296296295,
        "high": 32.78245265066384,
        "mean": 31.214814814814815
      },
      "tokens_per_sample": {
        "low": 29.846296296296295,
        "high": 32.78245265066384,
        "mean": 31.214814814814815
      },
      "fkgl_readability": {
        "low": 14.885194177106461,
        "high": 15.993435852791453,
        "mean": 15.43277777777778
      }
    },
    "prediction_stats": {
      "sentences_per_sample": {
        "low": NaN,
        "high": NaN,
        "mean": 1.0
      },
      "tokens_per_sentence": {
        "low": 1.011111111111111,
        "high": 1.2127155987605336,
        "mean": 1.0518518518518518
      },
      "tokens_per_sample": {
        "low": 1.011111111111111,
        "high": 1.2127155987605336,
        "mean": 1.0518518518518518
      },
      "fkgl_readability": {
        "low": 25.26425925925926,
        "high": 26.918518518518518,
        "mean": 26.07351851851852
      }
    },
    "reference_stats": {
      "sentences_per_sample": {
        "low": NaN,
        "high": NaN,
        "mean": 1.0
      },
      "tokens_per_sentence": {
        "low": 1.2740740740740741,
        "high": 1.4,
        "mean": 1.3333333333333333
      },
      "tokens_per_sample": {
        "low": 1.2740740740740741,
        "high": 1.4,
        "mean": 1.3333333333333333
      },
      "fkgl_readability": {
        "low": 21.903709993080817,
        "high": 23.873587714875907,
        "mean": 22.883333333333333
      }
    },
    "length_diff": {
      "sentences_diff": {
        "low": NaN,
        "high": NaN,
        "mean": 0.0
      },
      "tokens_diff": {
        "low": 0.3074074074074074,
        "high": 0.5148148148148148,
        "mean": 0.37777777777777777
      }
    },
    "exact_match": {
      "low": 0.3888888888888889,
      "high": 0.4722222222222222,
      "mean": 0.43148148148148147
    },
    "partial_match": {
      "low": 0.3888888888888889,
      "high": 0.4722222222222222,
      "mean": 0.43148148148148147
    }
  }
}