{
  "null": {
    "guideline_match_Background_Background": {
      "low": 0.6962962962962963,
      "high": 0.8444444444444444,
      "mean": 0.7777777777777778
    },
    "guideline_match_Motivation_Result": {
      "low": -0.9157894736842105,
      "high": -0.6842105263157895,
      "mean": -0.8315789473684211
    },
    "guideline_match_Method_Motivation": {
      "low": -0.30708661417322836,
      "high": 0.03937007874015748,
      "mean": -0.13385826771653545
    },
    "guideline_match_Result_Method": {
      "low": 0.42105263157894735,
      "high": 0.6631578947368421,
      "mean": 0.5473684210526316
    },
    "guideline_match_Conclusion_Conclusion": {
      "low": -0.25,
      "high": 1.0,
      "mean": 0.5
    },
    "guideline_match": {
      "low": 0.2492753623188406,
      "high": 0.3884057971014493,
      "mean": 0.3217391304347826
    }
  },
  "classification_metrics": {
    "source_stats": {
      "sentences_per_sample": {
        "low": 1.227,
        "high": 1.293,
        "mean": 1.258
      },
      "tokens_per_sentence": {
        "low": 25.693303722266887,
        "high": 29.15469511227869,
        "mean": 26.796416666666666
      },
      "tokens_per_sample": {
        "low": 29.976148406334858,
        "high": 34.042,
        "mean": 31.359
      },
      "fkgl_readability": {
        "low": 13.427950085916692,
        "high": 14.103988041453839,
        "mean": 13.761
      }
    },
    "prediction_stats": {
      "sentences_per_sample": {
        "low": 1.003,
        "high": 1.017,
        "mean": 1.008
      },
      "tokens_per_sentence": {
        "low": 1.0633333333333335,
        "high": 1.2745,
        "mean": 1.1415
      },
      "tokens_per_sample": {
        "low": 1.125,
        "high": 1.5650520619410764,
        "mean": 1.284
      },
      "fkgl_readability": {
        "low": 5.691881743992786,
        "high": 6.638586429669547,
        "mean": 6.1685
      }
    },
    "reference_stats": {
      "sentences_per_sample": {
        "low": NaN,
        "high": NaN,
        "mean": 1.0
      },
      "tokens_per_sentence": {
        "low": NaN,
        "high": NaN,
        "mean": 1.0
      },
      "tokens_per_sample": {
        "low": NaN,
        "high": NaN,
        "mean": 1.0
      },
      "fkgl_readability": {
        "low": 10.184600000000001,
        "high": 11.284955506805629,
        "mean": 10.74
      }
    },
    "length_diff": {
      "sentences_diff": {
        "low": 1.0,
        "high": 1.8333333333333333,
        "mean": 1.3333333333333333
      },
      "tokens_diff": {
        "low": 27.0,
        "high": 45.0,
        "mean": 35.5
      }
    },
    "exact_match": {
      "low": NaN,
      "high": NaN,
      "mean": 1.0
    },
    "partial_match": {
      "low": NaN,
      "high": NaN,
      "mean": 1.0
    }
  }
}