{
  "null": {
    "guideline_match_Financial_Natural": {
      "low": -0.26666666666666666,
      "high": -0.11014492753623188,
      "mean": -0.19130434782608696
    },
    "guideline_match_Human_Human": {
      "low": 0.5789473684210527,
      "high": 0.9473684210526315,
      "mean": 0.8421052631578947
    },
    "guideline_match_Intellectual_Social and relationship": {
      "low": 0.047619047619047616,
      "high": 0.42857142857142855,
      "mean": 0.23809523809523808
    },
    "guideline_match_Manufactured_Financial": {
      "low": -0.5853658536585366,
      "high": -0.17073170731707318,
      "mean": -0.3902439024390244
    },
    "guideline_match_Natural_Manufactured": {
      "low": -0.22580645161290322,
      "high": 0.06451612903225806,
      "mean": -0.06451612903225806
    },
    "guideline_match_Social and relationship_Intellectual": {
      "low": -0.1,
      "high": 0.15,
      "mean": 0.025
    },
    "guideline_match": {
      "low": -0.1378026070763501,
      "high": -0.0148975791433892,
      "mean": -0.07635009310986965
    }
  },
  "classification_metrics": {
    "source_stats": {
      "sentences_per_sample": {
        "low": NaN,
        "high": NaN,
        "mean": 1.0
      },
      "tokens_per_sentence": {
        "low": 29.846296296296295,
        "high": 32.78245265066384,
        "mean": 31.214814814814815
      },
      "tokens_per_sample": {
        "low": 29.846296296296295,
        "high": 32.78245265066384,
        "mean": 31.214814814814815
      },
      "fkgl_readability": {
        "low": 14.885194177106461,
        "high": 15.993435852791453,
        "mean": 15.43277777777778
      }
    },
    "prediction_stats": {
      "sentences_per_sample": {
        "low": 1.0,
        "high": 1.0092592592592593,
        "mean": 1.0018518518518518
      },
      "tokens_per_sentence": {
        "low": 1.262962962962963,
        "high": 1.7034067512104465,
        "mean": 1.386111111111111
      },
      "tokens_per_sample": {
        "low": 1.2666666666666666,
        "high": 1.8444444444444446,
        "mean": 1.4333333333333333
      },
      "fkgl_readability": {
        "low": 23.930938122339654,
        "high": 26.0155224157807,
        "mean": 24.94351851851852
      }
    },
    "reference_stats": {
      "sentences_per_sample": {
        "low": NaN,
        "high": NaN,
        "mean": 1.0
      },
      "tokens_per_sentence": {
        "low": 1.2740740740740741,
        "high": 1.4,
        "mean": 1.3333333333333333
      },
      "tokens_per_sample": {
        "low": 1.2740740740740741,
        "high": 1.4,
        "mean": 1.3333333333333333
      },
      "fkgl_readability": {
        "low": 21.903709993080817,
        "high": 23.873587714875907,
        "mean": 22.883333333333333
      }
    },
    "length_diff": {
      "sentences_diff": {
        "low": 0.0,
        "high": 0.009259259259259259,
        "mean": 0.001851851851851852
      },
      "tokens_diff": {
        "low": 0.4203703703703704,
        "high": 0.9796296296296296,
        "mean": 0.5814814814814815
      }
    },
    "exact_match": {
      "low": 0.4388888888888889,
      "high": 0.524074074074074,
      "mean": 0.48148148148148145
    },
    "partial_match": {
      "low": 0.4444444444444444,
      "high": 0.5277777777777778,
      "mean": 0.48703703703703705
    }
  }
}