{
  "null": {
    "guideline_match_Background_Background": {
      "low": 0.48148148148148145,
      "high": 0.674074074074074,
      "mean": 0.5851851851851851
    },
    "guideline_match_Motivation_Method": {
      "low": -0.9595959595959596,
      "high": -0.7777777777777778,
      "mean": -0.898989898989899
    },
    "guideline_match_Method_Motivation": {
      "low": -0.4567901234567901,
      "high": -0.1728395061728395,
      "mean": -0.32098765432098764
    },
    "guideline_match_Result_Result": {
      "low": 0.7220338983050848,
      "high": 0.8576271186440678,
      "mean": 0.7966101694915254
    },
    "guideline_match_Conclusion_Conclusion": {
      "low": 0.0,
      "high": 1.0,
      "mean": 0.75
    },
    "guideline_match": {
      "low": 0.2446043165467626,
      "high": 0.37410071942446044,
      "mean": 0.30935251798561153
    }
  },
  "classification_metrics": {
    "source_stats": {
      "sentences_per_sample": {
        "low": 1.227,
        "high": 1.293,
        "mean": 1.258
      },
      "tokens_per_sentence": {
        "low": 25.693303722266887,
        "high": 29.15469511227869,
        "mean": 26.796416666666666
      },
      "tokens_per_sample": {
        "low": 29.976148406334858,
        "high": 34.042,
        "mean": 31.359
      },
      "fkgl_readability": {
        "low": 13.427950085916692,
        "high": 14.103988041453839,
        "mean": 13.761
      }
    },
    "prediction_stats": {
      "sentences_per_sample": {
        "low": 1.002,
        "high": 1.015,
        "mean": 1.006
      },
      "tokens_per_sentence": {
        "low": 1.0686666666666667,
        "high": 1.3149471561098736,
        "mean": 1.1541666666666668
      },
      "tokens_per_sample": {
        "low": 1.114,
        "high": 1.522,
        "mean": 1.26
      },
      "fkgl_readability": {
        "low": 8.146599689748959,
        "high": 8.9109200631467,
        "mean": 8.526000000000002
      }
    },
    "reference_stats": {
      "sentences_per_sample": {
        "low": NaN,
        "high": NaN,
        "mean": 1.0
      },
      "tokens_per_sentence": {
        "low": NaN,
        "high": NaN,
        "mean": 1.0
      },
      "tokens_per_sample": {
        "low": NaN,
        "high": NaN,
        "mean": 1.0
      },
      "fkgl_readability": {
        "low": 10.184600000000001,
        "high": 11.284955506805629,
        "mean": 10.74
      }
    },
    "length_diff": {
      "sentences_diff": {
        "low": 1.0,
        "high": 1.8,
        "mean": 1.2
      },
      "tokens_diff": {
        "low": 24.125,
        "high": 39.25,
        "mean": 32.5
      }
    },
    "exact_match": {
      "low": NaN,
      "high": NaN,
      "mean": 1.0
    },
    "partial_match": {
      "low": NaN,
      "high": NaN,
      "mean": 1.0
    }
  }
}