{
  "null": {
    "guideline_match_Financial_Financial": {
      "low": 0.6030534351145038,
      "high": 0.7786259541984732,
      "mean": 0.6946564885496184
    },
    "guideline_match_Human_Human": {
      "low": 0.21052631578947367,
      "high": 0.7368421052631579,
      "mean": 0.5263157894736842
    },
    "guideline_match_Intellectual_Manufactured": {
      "low": 0.4126984126984127,
      "high": 0.746031746031746,
      "mean": 0.6031746031746031
    },
    "guideline_match_Manufactured_Intellectual": {
      "low": -0.2288135593220339,
      "high": -0.09322033898305085,
      "mean": -0.15254237288135594
    },
    "guideline_match_Natural_Natural": {
      "low": 0.09090909090909091,
      "high": 1.0,
      "mean": 0.8181818181818182
    },
    "guideline_match_Social and relationship_Social and relationship": {
      "low": 0.6,
      "high": 0.9555555555555556,
      "mean": 0.8222222222222222
    },
    "guideline_match": {
      "low": 0.43308550185873607,
      "high": 0.5576208178438662,
      "mean": 0.49814126394052044
    }
  },
  "classification_metrics": {
    "source_stats": {
      "sentences_per_sample": {
        "low": NaN,
        "high": NaN,
        "mean": 1.0
      },
      "tokens_per_sentence": {
        "low": 29.846296296296295,
        "high": 32.78245265066384,
        "mean": 31.214814814814815
      },
      "tokens_per_sample": {
        "low": 29.846296296296295,
        "high": 32.78245265066384,
        "mean": 31.214814814814815
      },
      "fkgl_readability": {
        "low": 14.885194177106461,
        "high": 15.993435852791453,
        "mean": 15.43277777777778
      }
    },
    "prediction_stats": {
      "sentences_per_sample": {
        "low": NaN,
        "high": NaN,
        "mean": 1.0
      },
      "tokens_per_sentence": {
        "low": 1.2037037037037037,
        "high": 1.4366745538088692,
        "mean": 1.2703703703703704
      },
      "tokens_per_sample": {
        "low": 1.2037037037037037,
        "high": 1.4366745538088692,
        "mean": 1.2703703703703704
      },
      "fkgl_readability": {
        "low": 22.341013601983384,
        "high": 23.70346249785719,
        "mean": 23.002407407407407
      }
    },
    "reference_stats": {
      "sentences_per_sample": {
        "low": NaN,
        "high": NaN,
        "mean": 1.0
      },
      "tokens_per_sentence": {
        "low": 1.2740740740740741,
        "high": 1.4,
        "mean": 1.3333333333333333
      },
      "tokens_per_sample": {
        "low": 1.2740740740740741,
        "high": 1.4,
        "mean": 1.3333333333333333
      },
      "fkgl_readability": {
        "low": 21.903709993080817,
        "high": 23.873587714875907,
        "mean": 22.883333333333333
      }
    },
    "length_diff": {
      "sentences_diff": {
        "low": NaN,
        "high": NaN,
        "mean": 0.0
      },
      "tokens_diff": {
        "low": 0.337037037037037,
        "high": 0.5611111111111111,
        "mean": 0.4111111111111111
      }
    },
    "exact_match": {
      "low": 0.3685185185185185,
      "high": 0.45185185185185184,
      "mean": 0.40925925925925927
    },
    "partial_match": {
      "low": 0.3685185185185185,
      "high": 0.45185185185185184,
      "mean": 0.40925925925925927
    }
  }
}