{
  "null": {
    "guideline_match_Financial_Financial": {
      "low": 0.8015267175572519,
      "high": 0.9236641221374046,
      "mean": 0.8702290076335878
    },
    "guideline_match_Human_Social and relationship": {
      "low": -0.13157894736842105,
      "high": 0.21052631578947367,
      "mean": 0.02631578947368421
    },
    "guideline_match_Intellectual_Intellectual": {
      "low": 0.49206349206349204,
      "high": 0.8412698412698413,
      "mean": 0.6825396825396826
    },
    "guideline_match_Manufactured_Manufactured": {
      "low": 0.2711864406779661,
      "high": 0.5932203389830508,
      "mean": 0.4406779661016949
    },
    "guideline_match_Natural_Natural": {
      "low": 0.09090909090909091,
      "high": 1.0,
      "mean": 0.8181818181818182
    },
    "guideline_match_Social and relationship_Human": {
      "low": -0.06666666666666667,
      "high": 0.24444444444444444,
      "mean": 0.08888888888888889
    },
    "guideline_match": {
      "low": 0.5642458100558659,
      "high": 0.6852886405959032,
      "mean": 0.62756052141527
    }
  },
  "classification_metrics": {
    "source_stats": {
      "sentences_per_sample": {
        "low": NaN,
        "high": NaN,
        "mean": 1.0
      },
      "tokens_per_sentence": {
        "low": 29.846296296296295,
        "high": 32.78245265066384,
        "mean": 31.214814814814815
      },
      "tokens_per_sample": {
        "low": 29.846296296296295,
        "high": 32.78245265066384,
        "mean": 31.214814814814815
      },
      "fkgl_readability": {
        "low": 14.885194177106461,
        "high": 15.993435852791453,
        "mean": 15.43277777777778
      }
    },
    "prediction_stats": {
      "sentences_per_sample": {
        "low": NaN,
        "high": NaN,
        "mean": 1.0
      },
      "tokens_per_sentence": {
        "low": 1.1703703703703703,
        "high": 1.4,
        "mean": 1.237037037037037
      },
      "tokens_per_sample": {
        "low": 1.1703703703703703,
        "high": 1.4,
        "mean": 1.237037037037037
      },
      "fkgl_readability": {
        "low": 22.72579438826598,
        "high": 24.340231217850054,
        "mean": 23.516296296296296
      }
    },
    "reference_stats": {
      "sentences_per_sample": {
        "low": NaN,
        "high": NaN,
        "mean": 1.0
      },
      "tokens_per_sentence": {
        "low": 1.2740740740740741,
        "high": 1.4,
        "mean": 1.3333333333333333
      },
      "tokens_per_sample": {
        "low": 1.2740740740740741,
        "high": 1.4,
        "mean": 1.3333333333333333
      },
      "fkgl_readability": {
        "low": 21.903709993080817,
        "high": 23.873587714875907,
        "mean": 22.883333333333333
      }
    },
    "length_diff": {
      "sentences_diff": {
        "low": NaN,
        "high": NaN,
        "mean": 0.0
      },
      "tokens_diff": {
        "low": 0.34444444444444444,
        "high": 0.5814814814814815,
        "mean": 0.4222222222222222
      }
    },
    "exact_match": {
      "low": 0.37962962962962965,
      "high": 0.46296296296296297,
      "mean": 0.4203703703703704
    },
    "partial_match": {
      "low": 0.3814814814814815,
      "high": 0.4648148148148148,
      "mean": 0.4222222222222222
    }
  }
}