{
  "null": {
    "guideline_match_Financial_Financial": {
      "low": 0.6564885496183206,
      "high": 0.8244274809160306,
      "mean": 0.7480916030534351
    },
    "guideline_match_Human_Natural": {
      "low": -0.13157894736842105,
      "high": 0.05263157894736842,
      "mean": -0.02631578947368421
    },
    "guideline_match_Intellectual_Intellectual": {
      "low": 0.3333333333333333,
      "high": 0.746031746031746,
      "mean": 0.5555555555555556
    },
    "guideline_match_Manufactured_Manufactured": {
      "low": 0.3559322033898305,
      "high": 0.6610169491525424,
      "mean": 0.5254237288135594
    },
    "guideline_match_Natural_Social and relationship": {
      "low": 0.3591320977392911,
      "high": 0.9090909090909091,
      "mean": 0.6363636363636364
    },
    "guideline_match_Social and relationship_Human": {
      "low": 0.6666666666666666,
      "high": 0.9555555555555556,
      "mean": 0.8666666666666667
    },
    "guideline_match": {
      "low": 0.5642458100558659,
      "high": 0.6871508379888268,
      "mean": 0.6294227188081937
    }
  },
  "classification_metrics": {
    "source_stats": {
      "sentences_per_sample": {
        "low": NaN,
        "high": NaN,
        "mean": 1.0
      },
      "tokens_per_sentence": {
        "low": 29.846296296296295,
        "high": 32.78245265066384,
        "mean": 31.214814814814815
      },
      "tokens_per_sample": {
        "low": 29.846296296296295,
        "high": 32.78245265066384,
        "mean": 31.214814814814815
      },
      "fkgl_readability": {
        "low": 14.885194177106461,
        "high": 15.993435852791453,
        "mean": 15.43277777777778
      }
    },
    "prediction_stats": {
      "sentences_per_sample": {
        "low": NaN,
        "high": NaN,
        "mean": 1.0
      },
      "tokens_per_sentence": {
        "low": 1.0185185185185186,
        "high": 1.0666666666666667,
        "mean": 1.037037037037037
      },
      "tokens_per_sample": {
        "low": 1.0185185185185186,
        "high": 1.0666666666666667,
        "mean": 1.037037037037037
      },
      "fkgl_readability": {
        "low": 21.247037037037035,
        "high": 22.975370370370367,
        "mean": 22.09333333333333
      }
    },
    "reference_stats": {
      "sentences_per_sample": {
        "low": NaN,
        "high": NaN,
        "mean": 1.0
      },
      "tokens_per_sentence": {
        "low": 1.2740740740740741,
        "high": 1.4,
        "mean": 1.3333333333333333
      },
      "tokens_per_sample": {
        "low": 1.2740740740740741,
        "high": 1.4,
        "mean": 1.3333333333333333
      },
      "fkgl_readability": {
        "low": 21.903709993080817,
        "high": 23.873587714875907,
        "mean": 22.883333333333333
      }
    },
    "length_diff": {
      "sentences_diff": {
        "low": NaN,
        "high": NaN,
        "mean": 0.0
      },
      "tokens_diff": {
        "low": 0.28888888888888886,
        "high": 0.4148148148148148,
        "mean": 0.34814814814814815
      }
    },
    "exact_match": {
      "low": 0.37592592592592594,
      "high": 0.45925925925925926,
      "mean": 0.4166666666666667
    },
    "partial_match": {
      "low": 0.37592592592592594,
      "high": 0.45925925925925926,
      "mean": 0.4166666666666667
    }
  }
}