{
  "null": {
    "guideline_match_Financial_Human": {
      "low": 0.3130434782608696,
      "high": 0.4753623188405797,
      "mean": 0.39710144927536234
    },
    "guideline_match_Human_Natural": {
      "low": -0.02631578947368421,
      "high": 0.21052631578947367,
      "mean": 0.07894736842105263
    },
    "guideline_match_Intellectual_Intellectual": {
      "low": 0.5238095238095238,
      "high": 0.9047619047619048,
      "mean": 0.7619047619047619
    },
    "guideline_match_Manufactured_Financial": {
      "low": -0.4146341463414634,
      "high": -0.07317073170731707,
      "mean": -0.24390243902439024
    },
    "guideline_match_Natural_Social and relationship": {
      "low": -0.0967741935483871,
      "high": 0.0967741935483871,
      "mean": 0.0
    },
    "guideline_match_Social and relationship_Manufactured": {
      "low": -0.95,
      "high": -0.75,
      "mean": -0.875
    },
    "guideline_match": {
      "low": 0.16945996275605213,
      "high": 0.3016759776536313,
      "mean": 0.23649906890130354
    }
  },
  "classification_metrics": {
    "source_stats": {
      "sentences_per_sample": {
        "low": NaN,
        "high": NaN,
        "mean": 1.0
      },
      "tokens_per_sentence": {
        "low": 29.846296296296295,
        "high": 32.78245265066384,
        "mean": 31.214814814814815
      },
      "tokens_per_sample": {
        "low": 29.846296296296295,
        "high": 32.78245265066384,
        "mean": 31.214814814814815
      },
      "fkgl_readability": {
        "low": 14.885194177106461,
        "high": 15.993435852791453,
        "mean": 15.43277777777778
      }
    },
    "prediction_stats": {
      "sentences_per_sample": {
        "low": NaN,
        "high": NaN,
        "mean": 1.0
      },
      "tokens_per_sentence": {
        "low": 1.0148148148148148,
        "high": 1.0555555555555556,
        "mean": 1.0296296296296297
      },
      "tokens_per_sample": {
        "low": 1.0148148148148148,
        "high": 1.0555555555555556,
        "mean": 1.0296296296296297
      },
      "fkgl_readability": {
        "low": 16.17685185185185,
        "high": 17.980731530008708,
        "mean": 17.037037037037038
      }
    },
    "reference_stats": {
      "sentences_per_sample": {
        "low": NaN,
        "high": NaN,
        "mean": 1.0
      },
      "tokens_per_sentence": {
        "low": 1.2740740740740741,
        "high": 1.4,
        "mean": 1.3333333333333333
      },
      "tokens_per_sample": {
        "low": 1.2740740740740741,
        "high": 1.4,
        "mean": 1.3333333333333333
      },
      "fkgl_readability": {
        "low": 21.903709993080817,
        "high": 23.873587714875907,
        "mean": 22.883333333333333
      }
    },
    "length_diff": {
      "sentences_diff": {
        "low": NaN,
        "high": NaN,
        "mean": 0.0
      },
      "tokens_diff": {
        "low": 0.2740740740740741,
        "high": 0.4,
        "mean": 0.3333333333333333
      }
    },
    "exact_match": {
      "low": 0.37407407407407406,
      "high": 0.45740740740740743,
      "mean": 0.4148148148148148
    },
    "partial_match": {
      "low": 0.37592592592592594,
      "high": 0.45925925925925926,
      "mean": 0.4166666666666667
    }
  }
}