{
  "null": {
    "guideline_match_Financial_Financial": {
      "low": 0.8320610687022901,
      "high": 0.9465648854961832,
      "mean": 0.9007633587786259
    },
    "guideline_match_Human_Human": {
      "low": 0.3157894736842105,
      "high": 0.8421052631578947,
      "mean": 0.631578947368421
    },
    "guideline_match_Intellectual_Intellectual": {
      "low": 0.14285714285714285,
      "high": 0.6190476190476191,
      "mean": 0.3968253968253968
    },
    "guideline_match_Manufactured_Natural": {
      "low": 0.0,
      "high": 0.2542372881355932,
      "mean": 0.1271186440677966
    },
    "guideline_match_Natural_Manufactured": {
      "low": 0.36363636363636365,
      "high": 0.9090909090909091,
      "mean": 0.7272727272727273
    },
    "guideline_match_Social and relationship_Social and relationship": {
      "low": 0.37777777777777777,
      "high": 0.8222222222222222,
      "mean": 0.6444444444444445
    },
    "guideline_match": {
      "low": 0.5661080074487895,
      "high": 0.6834264432029795,
      "mean": 0.62756052141527
    }
  },
  "classification_metrics": {
    "source_stats": {
      "sentences_per_sample": {
        "low": NaN,
        "high": NaN,
        "mean": 1.0
      },
      "tokens_per_sentence": {
        "low": 29.846296296296295,
        "high": 32.78245265066384,
        "mean": 31.214814814814815
      },
      "tokens_per_sample": {
        "low": 29.846296296296295,
        "high": 32.78245265066384,
        "mean": 31.214814814814815
      },
      "fkgl_readability": {
        "low": 14.885194177106461,
        "high": 15.993435852791453,
        "mean": 15.43277777777778
      }
    },
    "prediction_stats": {
      "sentences_per_sample": {
        "low": 1.0,
        "high": 1.0097321073702914,
        "mean": 1.0018518518518518
      },
      "tokens_per_sentence": {
        "low": 1.1592592592592592,
        "high": 1.3814814814814815,
        "mean": 1.223148148148148
      },
      "tokens_per_sample": {
        "low": 1.1666666666666667,
        "high": 1.6259923521663884,
        "mean": 1.2666666666666666
      },
      "fkgl_readability": {
        "low": 21.913046761804967,
        "high": 23.389236807461604,
        "mean": 22.624074074074073
      }
    },
    "reference_stats": {
      "sentences_per_sample": {
        "low": NaN,
        "high": NaN,
        "mean": 1.0
      },
      "tokens_per_sentence": {
        "low": 1.2740740740740741,
        "high": 1.4,
        "mean": 1.3333333333333333
      },
      "tokens_per_sample": {
        "low": 1.2740740740740741,
        "high": 1.4,
        "mean": 1.3333333333333333
      },
      "fkgl_readability": {
        "low": 21.903709993080817,
        "high": 23.873587714875907,
        "mean": 22.883333333333333
      }
    },
    "length_diff": {
      "sentences_diff": {
        "low": 0.0,
        "high": 0.009732107370311698,
        "mean": 0.001851851851851852
      },
      "tokens_diff": {
        "low": 0.3148148148148148,
        "high": 0.7657987994107248,
        "mean": 0.4222222222222222
      }
    },
    "exact_match": {
      "low": 0.3888888888888889,
      "high": 0.4722222222222222,
      "mean": 0.42962962962962964
    },
    "partial_match": {
      "low": 0.3907407407407407,
      "high": 0.4722222222222222,
      "mean": 0.43148148148148147
    }
  }
}