{
  "null": {
    "guideline_match_Background_Background": {
      "low": 0.4962962962962963,
      "high": 0.6888888888888889,
      "mean": 0.6
    },
    "guideline_match_Motivation_Method": {
      "low": -0.7739130434782608,
      "high": -0.4956521739130435,
      "mean": -0.6521739130434783
    },
    "guideline_match_Method_Conclusion": {
      "low": NaN,
      "high": NaN,
      "mean": -1.0
    },
    "guideline_match_Result_Result": {
      "low": 0.5796610169491525,
      "high": 0.7491525423728813,
      "mean": 0.6677966101694915
    },
    "guideline_match_Conclusion_Motivation": {
      "low": NaN,
      "high": NaN,
      "mean": -1.0
    },
    "guideline_match": {
      "low": 0.21495327102803738,
      "high": 0.3538050734312417,
      "mean": 0.2870493991989319
    }
  },
  "classification_metrics": {
    "source_stats": {
      "sentences_per_sample": {
        "low": 1.227,
        "high": 1.293,
        "mean": 1.258
      },
      "tokens_per_sentence": {
        "low": 25.693303722266887,
        "high": 29.15469511227869,
        "mean": 26.796416666666666
      },
      "tokens_per_sample": {
        "low": 29.976148406334858,
        "high": 34.042,
        "mean": 31.359
      },
      "fkgl_readability": {
        "low": 13.427950085916692,
        "high": 14.103988041453839,
        "mean": 13.761
      }
    },
    "prediction_stats": {
      "sentences_per_sample": {
        "low": 1.001,
        "high": 1.008,
        "mean": 1.003
      },
      "tokens_per_sentence": {
        "low": 1.011,
        "high": 1.12,
        "mean": 1.0415
      },
      "tokens_per_sample": {
        "low": 1.023,
        "high": 1.248854715390151,
        "mean": 1.086
      },
      "fkgl_readability": {
        "low": 5.304500000000001,
        "high": 6.056056602693501,
        "mean": 5.6871
      }
    },
    "reference_stats": {
      "sentences_per_sample": {
        "low": NaN,
        "high": NaN,
        "mean": 1.0
      },
      "tokens_per_sentence": {
        "low": NaN,
        "high": NaN,
        "mean": 1.0
      },
      "tokens_per_sample": {
        "low": NaN,
        "high": NaN,
        "mean": 1.0
      },
      "fkgl_readability": {
        "low": 10.184600000000001,
        "high": 11.284955506805629,
        "mean": 10.74
      }
    },
    "length_diff": {
      "sentences_diff": {
        "low": NaN,
        "high": NaN,
        "mean": 1.0
      },
      "tokens_diff": {
        "low": 24.333333333333332,
        "high": 36.0,
        "mean": 28.666666666666668
      }
    },
    "exact_match": {
      "low": NaN,
      "high": NaN,
      "mean": 1.0
    },
    "partial_match": {
      "low": NaN,
      "high": NaN,
      "mean": 1.0
    }
  }
}