{
  "classification_metrics": {
    "source_stats": {
      "sentences_per_sample": {
        "low": NaN,
        "high": NaN,
        "mean": 1.0
      },
      "tokens_per_sentence": {
        "low": 29.846296296296295,
        "high": 32.78245265066384,
        "mean": 31.214814814814815
      },
      "tokens_per_sample": {
        "low": 29.846296296296295,
        "high": 32.78245265066384,
        "mean": 31.214814814814815
      },
      "fkgl_readability": {
        "low": 14.885194177106461,
        "high": 15.993435852791453,
        "mean": 15.43277777777778
      }
    },
    "prediction_stats": {
      "sentences_per_sample": {
        "low": 1.0,
        "high": 1.0092592592592593,
        "mean": 1.0018518518518518
      },
      "tokens_per_sentence": {
        "low": 1.1425925925925926,
        "high": 1.3462962962962963,
        "mean": 1.2027777777777777
      },
      "tokens_per_sample": {
        "low": 1.1481481481481481,
        "high": 1.3825445089231228,
        "mean": 1.2203703703703703
      },
      "fkgl_readability": {
        "low": 20.83462962962963,
        "high": 22.199619176717874,
        "mean": 21.492222222222217
      }
    },
    "reference_stats": {
      "sentences_per_sample": {
        "low": NaN,
        "high": NaN,
        "mean": 1.0
      },
      "tokens_per_sentence": {
        "low": 1.2740740740740741,
        "high": 1.4,
        "mean": 1.3333333333333333
      },
      "tokens_per_sample": {
        "low": 1.2740740740740741,
        "high": 1.4,
        "mean": 1.3333333333333333
      },
      "fkgl_readability": {
        "low": 21.903709993080817,
        "high": 23.873587714875907,
        "mean": 22.883333333333333
      }
    },
    "length_diff": {
      "sentences_diff": {
        "low": 0.0,
        "high": 0.009259259259259259,
        "mean": 0.001851851851851852
      },
      "tokens_diff": {
        "low": 0.337037037037037,
        "high": 0.5814814814814815,
        "mean": 0.42407407407407405
      }
    },
    "exact_match": {
      "low": 0.35,
      "high": 0.43333333333333335,
      "mean": 0.3907407407407407
    },
    "partial_match": {
      "low": 0.35,
      "high": 0.43333333333333335,
      "mean": 0.3907407407407407
    }
  }
}