{
  "null": {
    "guideline_match_Financial_Financial": {
      "low": 0.6946564885496184,
      "high": 0.8473282442748091,
      "mean": 0.7786259541984732
    },
    "guideline_match_Human_Natural": {
      "low": 0.39473684210526316,
      "high": 0.868421052631579,
      "mean": 0.6842105263157895
    },
    "guideline_match_Intellectual_Intellectual": {
      "low": 0.5238095238095238,
      "high": 0.873015873015873,
      "mean": 0.746031746031746
    },
    "guideline_match_Manufactured_Manufactured": {
      "low": 0.6750644156327595,
      "high": 0.8813559322033898,
      "mean": 0.7966101694915254
    },
    "guideline_match_Natural_Human": {
      "low": -0.2727272727272727,
      "high": 0.8181818181818182,
      "mean": 0.36363636363636365
    },
    "guideline_match_Social and relationship_Social and relationship": {
      "low": 0.1111111111111111,
      "high": 0.6444444444444445,
      "mean": 0.4222222222222222
    },
    "guideline_match": {
      "low": 0.6703910614525139,
      "high": 0.7877094972067039,
      "mean": 0.7337057728119181
    }
  },
  "classification_metrics": {
    "source_stats": {
      "sentences_per_sample": {
        "low": NaN,
        "high": NaN,
        "mean": 1.0
      },
      "tokens_per_sentence": {
        "low": 29.846296296296295,
        "high": 32.78245265066384,
        "mean": 31.214814814814815
      },
      "tokens_per_sample": {
        "low": 29.846296296296295,
        "high": 32.78245265066384,
        "mean": 31.214814814814815
      },
      "fkgl_readability": {
        "low": 14.885194177106461,
        "high": 15.993435852791453,
        "mean": 15.43277777777778
      }
    },
    "prediction_stats": {
      "sentences_per_sample": {
        "low": NaN,
        "high": NaN,
        "mean": 1.0
      },
      "tokens_per_sentence": {
        "low": 1.125925925925926,
        "high": 1.5629629629629629,
        "mean": 1.2222222222222223
      },
      "tokens_per_sample": {
        "low": 1.125925925925926,
        "high": 1.5629629629629629,
        "mean": 1.2222222222222223
      },
      "fkgl_readability": {
        "low": 24.281514385879085,
        "high": 25.824444444444442,
        "mean": 25.05796296296296
      }
    },
    "reference_stats": {
      "sentences_per_sample": {
        "low": NaN,
        "high": NaN,
        "mean": 1.0
      },
      "tokens_per_sentence": {
        "low": 1.2740740740740741,
        "high": 1.4,
        "mean": 1.3333333333333333
      },
      "tokens_per_sample": {
        "low": 1.2740740740740741,
        "high": 1.4,
        "mean": 1.3333333333333333
      },
      "fkgl_readability": {
        "low": 21.903709993080817,
        "high": 23.873587714875907,
        "mean": 22.883333333333333
      }
    },
    "length_diff": {
      "sentences_diff": {
        "low": NaN,
        "high": NaN,
        "mean": 0.0
      },
      "tokens_diff": {
        "low": 0.3,
        "high": 0.7291260737372189,
        "mean": 0.4
      }
    },
    "exact_match": {
      "low": 0.3351851851851852,
      "high": 0.4166666666666667,
      "mean": 0.37592592592592594
    },
    "partial_match": {
      "low": 0.3351851851851852,
      "high": 0.4166666666666667,
      "mean": 0.37592592592592594
    }
  }
}