{
  "null": {
    "guideline_match_Financial_Manufactured": {
      "low": 0.09541984732824428,
      "high": 0.20610687022900764,
      "mean": 0.14885496183206107
    },
    "guideline_match_Human_Social and relationship": {
      "low": 0.7368421052631579,
      "high": 1.0,
      "mean": 0.9473684210526315
    },
    "guideline_match_Intellectual_Intellectual": {
      "low": 0.36507936507936506,
      "high": 0.7777777777777778,
      "mean": 0.5873015873015873
    },
    "guideline_match_Manufactured_Human": {
      "low": -0.2627118644067797,
      "high": -0.1016949152542373,
      "mean": -0.17796610169491525
    },
    "guideline_match_Natural_Natural": {
      "low": NaN,
      "high": NaN,
      "mean": 1.0
    },
    "guideline_match_Social and relationship_Financial": {
      "low": 0.2,
      "high": 0.5111111111111111,
      "mean": 0.35555555555555557
    },
    "guideline_match": {
      "low": 0.16759776536312848,
      "high": 0.27001862197392923,
      "mean": 0.21973929236499068
    }
  },
  "classification_metrics": {
    "source_stats": {
      "sentences_per_sample": {
        "low": NaN,
        "high": NaN,
        "mean": 1.0
      },
      "tokens_per_sentence": {
        "low": 29.846296296296295,
        "high": 32.78245265066384,
        "mean": 31.214814814814815
      },
      "tokens_per_sample": {
        "low": 29.846296296296295,
        "high": 32.78245265066384,
        "mean": 31.214814814814815
      },
      "fkgl_readability": {
        "low": 14.885194177106461,
        "high": 15.993435852791453,
        "mean": 15.43277777777778
      }
    },
    "prediction_stats": {
      "sentences_per_sample": {
        "low": NaN,
        "high": NaN,
        "mean": 1.0
      },
      "tokens_per_sentence": {
        "low": 1.2074074074074075,
        "high": 1.3222222222222222,
        "mean": 1.2592592592592593
      },
      "tokens_per_sample": {
        "low": 1.2074074074074075,
        "high": 1.3222222222222222,
        "mean": 1.2592592592592593
      },
      "fkgl_readability": {
        "low": 23.965925925925923,
        "high": 25.441481481481482,
        "mean": 24.69074074074074
      }
    },
    "reference_stats": {
      "sentences_per_sample": {
        "low": NaN,
        "high": NaN,
        "mean": 1.0
      },
      "tokens_per_sentence": {
        "low": 1.2740740740740741,
        "high": 1.4,
        "mean": 1.3333333333333333
      },
      "tokens_per_sample": {
        "low": 1.2740740740740741,
        "high": 1.4,
        "mean": 1.3333333333333333
      },
      "fkgl_readability": {
        "low": 21.903709993080817,
        "high": 23.873587714875907,
        "mean": 22.883333333333333
      }
    },
    "length_diff": {
      "sentences_diff": {
        "low": NaN,
        "high": NaN,
        "mean": 0.0
      },
      "tokens_diff": {
        "low": 0.44814814814814813,
        "high": 0.5933295450807606,
        "mean": 0.5185185185185185
      }
    },
    "exact_match": {
      "low": 0.3592592592592593,
      "high": 0.4425925925925926,
      "mean": 0.4
    },
    "partial_match": {
      "low": 0.3592592592592593,
      "high": 0.4425925925925926,
      "mean": 0.4
    }
  }
}